year,province,population,in_migration,out_migration,net_migration,migration_turnover,in_migration_rate,out_migration_rate,net_migration_rate,turnover_rate,in_out_ratio
2008,ADANA,2026319,45493,58316,-12823,103809,22.451055337288945,28.7792790769864,-6.308263687685111,51.23033441427534,0.7801118046505248
2008,ADIYAMAN,585067,12155,20971,-8816,33126,20.775398373177772,35.8437580653156,-14.955680902497985,56.61915643849337,0.5796099375327833
2008,AFYONKARAHİSAR,697365,18270,24861,-6591,43131,26.198619087565334,35.649910735411154,-9.406838261897168,61.84852982297649,0.7348859659707976
2008,AKSARAY,370598,11146,12596,-1450,23742,30.075715465275042,33.98831078419204,-3.904956062511614,64.06402624946708,0.884884090187361
2008,AMASYA,323675,11748,14268,-2520,26016,36.295666949872555,44.08125434463582,-7.755397233292812,80.37692129450838,0.8233809924306139
2008,ANKARA,4548939,156760,126198,30562,282958,34.46078305292729,27.74229331279228,6.741134862841441,62.20307636571957,1.2421749948493637
2008,ANTALYA,1859275,92031,55806,36225,147837,49.49832596038779,30.01492517244625,19.675069419456456,79.51325113283403,1.649123750134394
2008,ARDAHAN,112242,4640,7447,-2807,12087,41.33924912243189,66.34771297731687,-24.699614151022256,107.68696209974875,0.6230696924936215
2008,ARTVİN,166584,6700,8660,-1960,15360,40.219949094750994,51.98578494933487,-11.697023226946122,92.20573404408587,0.7736720554272517
2008,AYDIN,965500,34375,25577,8798,59952,35.60331434489902,26.490937338166752,9.1540847423944,62.09425168306577,1.3439809203581343
2008,AĞRI,532180,12195,27450,-15255,39645,22.915179074749144,51.580292382276674,-28.260074193115138,74.49547145702581,0.44426229508196724
2008,BALIKESİR,1130276,37407,31129,6278,68536,33.09545633102003,27.541060767458568,5.569864178001432,60.6365170984786,1.2016768929294228
2008,BARTIN,185368,8418,6325,2093,14743,45.41236890941263,34.1213154374002,11.355159327587938,79.53368434681282,1.3309090909090908
2008,BATMAN,485616,16467,19669,-3202,36136,33.90950874765247,40.50319594082567,-6.572020270228666,74.41270468847814,0.8372057552493772
2008,BAYBURT,75675,2996,4949,-1953,7945,39.59035348529898,65.3980839114635,-25.47895344513806,104.98843739676246,0.6053748231966054
2008,BOLU,268882,10049,11032,-983,21081,37.3732715466264,41.02915033360359,-3.6492082554520024,78.40242188023,0.9108955765047135
2008,BURDUR,247437,9674,10019,-345,19693,39.09682060484083,40.49111491005792,-1.3933229540869796,79.58793551489875,0.9655654256911868
2008,BURSA,2507963,82964,47370,35594,130334,33.08023284235055,18.887838456946934,14.293826194719548,51.96807129929748,1.7514038420941525
2008,BİLECİK,193169,8206,8793,-587,16999,42.48093638213171,45.51972625007118,-3.034179750597661,88.00066263220289,0.9332423518708063
2008,BİNGÖL,256091,8977,10192,-1215,19169,35.05394566775092,39.79835292923219,-4.733179196606136,74.8522985969831,0.8807888540031397
2008,BİTLİS,326897,11721,20957,-9236,32678,35.85533057813317,64.10887833170693,-27.85997617000739,99.9642089098401,0.5592880660399866
2008,DENİZLİ,917836,22721,22120,601,44841,24.754967118308716,24.100166042735303,0.655015528009543,48.85513316104402,1.0271699819168174
2008,DÜZCE,328611,10723,8913,1810,19636,32.63128744929415,27.12325515579211,5.523243394994294,59.75454260508626,1.2030741613373723
2008,DİYARBAKIR,1492828,31677,47777,-16100,79454,21.219457298496543,32.004356831463504,-10.7270544308065,53.22381412996005,0.6630177700567218
2008,EDİRNE,394644,11202,14249,-3047,25451,28.385076169915163,36.105958788173645,-7.691191225933475,64.4910349580888,0.7861604323110394
2008,ELAZIĞ,547562,15294,18813,-3519,34107,27.93108360331798,34.35775309462673,-6.406084597089318,62.28883669794471,0.8129484930633073
2008,ERZURUM,774967,18999,43585,-24586,62584,24.515882611775726,56.24110445993184,-31.229835124355358,80.75698707170757,0.4359068486864747
2008,ERZİNCAN,210645,10977,11976,-999,22953,52.11137221391441,56.85394858648437,-4.731356961701583,108.96532080039877,0.9165831663326653
2008,ESKİŞEHİR,741739,31731,21970,9761,53701,42.779198612989205,29.619583168742643,13.246776687790126,72.39878178173186,1.444287664997724
2008,GAZİANTEP,1612223,37184,36229,955,73413,23.063806929934632,22.47145711232255,0.5925253087413614,45.53526404225718,1.026360098263822
2008,GÜMÜŞHANE,131367,9281,9073,208,18354,70.64940205683315,69.0660515959107,1.584604953414138,139.71545365274383,1.0229251625702633
2008,GİRESUN,421766,20089,18539,1550,38628,47.630676725957045,43.955653134676574,3.6817889218534363,91.58632986063363,1.0836075300717407
2008,HAKKARİ,258590,7801,6981,820,14782,30.167446536989058,26.996403573224022,3.176078704779611,57.163850110213076,1.1174616817074918
2008,HATAY,1413287,29459,32624,-3165,62083,20.84431541505724,23.083775623776347,-2.2369554223905457,43.928091038833585,0.90298553212359
2008,ISPARTA,407463,17997,16800,1197,34797,44.16842756274803,41.2307375148173,2.9420114067459804,85.39916507756533,1.07125
2008,IĞDIR,184025,5559,9356,-3797,14915,30.207852193995382,50.84091835348458,-20.422378021067804,81.04877054747996,0.5941641727233861
2008,KAHRAMANMARAŞ,1029298,26142,25574,568,51716,25.39789254423889,24.8460601303024,0.5519847154654844,50.24395267454129,1.0222100570892312
2008,KARABÜK,216248,8383,8489,-106,16872,38.765676445562505,39.25585438940476,-0.49005783607103065,78.02153083496727,0.9875132524443397
2008,KARAMAN,230145,8904,8145,759,17049,38.688652805839794,35.3907319298703,3.303367999112138,74.0793847357101,1.0931860036832413
2008,KARS,312128,8855,17726,-8871,26581,28.369771375845808,56.79080377281115,-28.022813748268515,85.16057514865696,0.49954868554665466
2008,KASTAMONU,360424,14775,14003,772,28778,40.99338556810867,38.85146383148736,2.1442181103105784,79.84484939959603,1.055131043347854
2008,KAYSERİ,1184386,30021,28621,1400,58642,25.347310758485833,24.16526368937154,1.1827460998947357,49.51257444785737,1.0489151322455539
2008,KIRIKKALE,279325,11360,16605,-5245,27965,40.669471046272264,59.44688087353441,-18.60275405882301,100.11635191980668,0.684131285757302
2008,KIRKLARELİ,336942,10565,11027,-462,21592,31.35554487122413,32.72670073781244,-1.3702164764082534,64.08224560903658,0.9581028384873492
2008,KIRŞEHİR,222735,9822,12312,-2490,22134,44.0972456057647,55.27644959256516,-11.117064023573533,99.37369519832986,0.7977582846003899
2008,KOCAELİ,1490358,63965,40947,23018,104912,42.91921806706845,27.474606772332553,15.564807495559046,70.393824839401,1.5621413046132806
2008,KONYA,1969868,45502,56760,-11258,102262,23.099009679836417,28.814113432981298,-5.698819081982914,51.913123112817715,0.8016560958421424
2008,KÜTAHYA,565884,14112,21711,-7599,35823,24.937973153508494,38.36652034692622,-13.33898559463281,63.30449350043472,0.6499930910598314
2008,KİLİS,120991,4998,4611,387,9609,41.30885768362936,38.11027266490896,3.2037086860241315,79.41913034853832,1.0839297332465843
2008,MALATYA,733789,25500,27830,-2330,53330,34.751134181624415,37.92643389312187,-3.1702664384437664,72.67756807474628,0.9162773984908372
2008,MANİSA,1316750,38301,35458,2843,73759,29.08752610594266,26.928422251756217,2.1614372379219335,56.01594835769888,1.0801793671385864
2008,MARDİN,750697,27606,41432,-13826,69038,36.77382485876459,55.19137548171899,-18.24949512282045,91.96520034048358,0.6662965823518053
2008,MERSİN,1602908,46776,50110,-3334,96886,29.18196178445675,31.26193143960851,-2.0778087655609743,60.44389322406526,0.9334663739772501
2008,MUĞLA,791424,35907,24959,10948,60866,45.37011766132945,31.536824761442666,13.929639290031172,76.90694242277212,1.4386393685644456
2008,MUŞ,404309,10058,25896,-15838,35954,24.877012384092364,64.05002114719187,-38.42048575060404,88.92703353128424,0.38839975285758416
2008,NEVŞEHİR,281699,9531,10882,-1351,20413,33.833985921142784,38.629885090113916,-4.784426355779293,72.4638710112567,0.8758500275684616
2008,NİĞDE,338447,15150,13991,1159,29141,44.76328642298499,41.33882114481736,3.430338816251933,86.10210756780235,1.0828389679079409
2008,ORDU,719278,27719,31458,-3739,59177,38.53725541445728,43.73552367791035,-5.184792292838844,82.27277909236763,0.8811431114501875
2008,OSMANİYE,464704,17464,16338,1126,33802,37.58091172014874,35.15786393058807,2.425986930695629,72.73877565073681,1.0689190843432488
2008,RİZE,319410,13253,13825,-572,27078,41.49212610751072,43.282927898312515,-1.789199739752765,84.77505400582324,0.958625678119349
2008,SAKARYA,851292,24321,20887,3434,45208,28.569515512890995,24.535646993041166,4.042021010505253,53.10516250593216,1.1644084837458706
2008,SAMSUN,1233677,35404,40633,-5229,76037,28.697949301154193,32.936497965026504,-4.229585012919688,61.63444726618069,0.8713114955824084
2008,SİNOP,200791,10299,9472,827,19771,51.29213958792974,47.17342908795713,4.127209891330114,98.46556867588687,1.0873099662162162
2008,SİVAS,631112,18871,30428,-11557,49299,29.90119028001369,48.213312375616376,-18.145976427659072,78.11450265563006,0.6201853555935323
2008,SİİRT,299819,11870,12625,-755,24495,39.59055296695673,42.10873893915996,-2.5150193290061678,81.69929190611668,0.9401980198019801
2008,TEKİRDAĞ,770772,47534,22373,25161,69907,61.67063671228327,29.02674201968935,33.18554745074299,90.69737873197262,2.1246144906807314
2008,TOKAT,617158,29593,35892,-6299,65485,47.950443808554695,58.15690633516863,-10.154641044965603,106.10735014372332,0.8245012816226457
2008,TRABZON,748982,25918,27027,-1109,52945,34.604302907145964,36.08497934529802,-1.4795810477541786,70.68928225244399,0.9589669589669589
2008,TUNCELİ,86449,6861,6068,793,12929,79.36471214241924,70.19167370357088,9.215304610557508,149.55638584599012,1.130685563612393
2008,UŞAK,334111,8666,10222,-1556,18888,25.937487840867256,30.5946227451356,-4.64631564488532,56.53211058600286,0.8477792995499902
2008,VAN,1004369,21187,30275,-9088,51462,21.09483665863841,30.143303905238014,-9.007714242952563,51.23814056387642,0.6998183319570603
2008,YALOVA,197412,16656,6542,10114,23198,84.37177071302656,33.138816282698116,52.57986535312313,117.51058699572468,2.546010394374809
2008,YOZGAT,484206,15352,30117,-14765,45469,31.705513768933056,62.19873359685754,-30.03528357559219,93.9042473657906,0.5097453265597504
2008,ZONGULDAK,619151,17639,19530,-1891,37169,28.489011565837735,31.543193825092747,-3.0495253561340854,60.032205390930486,0.9031746031746032
2008,ÇANAKKALE,474791,16390,14246,2144,30636,34.520452156843746,30.004781051030875,4.52588982075872,64.52523320787462,1.1504983855117226
2008,ÇANKIRI,176093,12680,11612,1068,24292,72.00740517794574,65.9424281487623,6.083424945459931,137.94983332670805,1.0919738201860145
2008,ÇORUM,545444,15828,24072,-8244,39900,29.01856102551316,44.13285323516255,-15.000928005007587,73.15141426067571,0.6575274177467597
2008,İSTANBUL,12697164,374868,348193,26675,723061,29.523758218764442,27.422895380417234,2.1030719712225645,56.94665359918167,1.0766098112253837
2008,İZMİR,3795978,117067,89819,27248,206886,30.839746700323342,23.661622907192825,7.203979320814498,54.50136960751617,1.303365657600285
2008,ŞANLIURFA,1574224,25510,37282,-11772,62792,16.204809480734635,23.68277957901798,-7.45011423255343,39.887589059752614,0.6842444074888686
2008,ŞIRNAK,429287,13223,15877,-2654,29100,30.802237197958476,36.98458141057148,-6.163292415016697,67.78681860852996,0.8328399571707501
2009,ADANA,2062226,53685,54109,-424,107794,26.032549293821337,26.23815236545364,-0.20558193749339373,52.27070165927498,0.9921639653292428
2009,ADIYAMAN,588475,12091,18295,-6204,30386,20.546327371596075,31.088831301244742,-10.487223134097505,51.63515867284082,0.6608909538125171
2009,AFYONKARAHİSAR,701326,20223,22256,-2033,42479,28.8353775562292,31.734172125373934,-2.8945991450040403,60.569549681603135,0.9086538461538461
2009,AKSARAY,376907,10217,12587,-2370,22804,27.107482747733524,33.395506053217375,-6.268315648043333,60.502988800950895,0.8117104949551124
2009,AMASYA,324268,11533,13187,-1654,24720,35.566260007154575,40.66697916538172,-5.087743582645073,76.2332391725363,0.8745734435428831
2009,ANKARA,4650802,168193,131114,37079,299307,36.16430026477154,28.191696829923096,8.004511834119937,64.35599709469463,1.2827997010235368
2009,ANTALYA,1919729,75696,58632,17064,134328,39.43056546002066,30.54181084934384,8.928435948779743,69.97237630936449,1.2910356119525175
2009,ARDAHAN,108169,3775,7033,-3258,10808,34.89909308581941,65.01862825763389,-29.672671633363084,99.9177213434533,0.5367552964595479
2009,ARTVİN,165580,6206,7547,-1341,13753,37.480372025606954,45.579176229013164,-8.066141154462693,83.05954825462013,0.8223135020537962
2009,AYDIN,979155,28524,27640,884,56164,29.1312407126553,28.22842144502147,0.9032269929999908,57.35966215767677,1.0319826338639653
2009,AĞRI,537665,12115,22613,-10498,34728,22.532617894041827,42.05778691192471,-19.336395819595737,64.59040480596654,0.5357537699553354
2009,BALIKESİR,1140085,33275,31291,1984,64566,29.1864203107663,27.44619918690273,1.741736627299088,56.63261949766903,1.0634048128854943
2009,BARTIN,188449,7566,7104,462,14670,40.14879357279688,37.69720189547304,2.4546005164224463,77.84599546826993,1.0650337837837838
2009,BATMAN,497998,18326,16855,1471,35181,36.799344575681026,33.84551745187731,2.958196123777683,70.64486202755835,1.087273805992287
2009,BAYBURT,74710,3101,4420,-1319,7521,41.5071610226208,59.1620934279213,-17.500447793868872,100.6692544505421,0.7015837104072398
2009,BOLU,271545,12808,10124,2684,22932,47.16713620210278,37.28295494301129,9.933272391498244,84.45009114511407,1.265112603713947
2009,BURDUR,251550,8144,8659,-515,16803,32.375273305505864,34.422580003975355,-2.045213109220337,66.79785330948121,0.9405243099665088
2009,BURSA,2550645,66615,56368,10247,122983,26.116923366442606,22.09950816362136,4.025501257797273,48.216431530063964,1.1817875390292365
2009,BİLECİK,202061,8283,8251,32,16534,40.99257155017544,40.83420353259659,0.15838055878640897,81.82677508277203,1.003878317779663
2009,BİNGÖL,255745,6986,10726,-3740,17712,27.316272067880114,41.94021388492444,-14.517788172272578,69.25648595280455,0.6513145627447324
2009,BİTLİS,328489,11594,16485,-4891,28079,35.29494138312089,50.18432885119441,-14.779359661806188,85.47927023431531,0.7033060357901122
2009,DENİZLİ,926362,20119,21706,-1587,41825,21.718291553410005,23.43144472679147,-1.711686982388607,45.14973628020147,0.9268865751405141
2009,DÜZCE,335156,11752,9046,2706,20798,35.064268579407795,26.990416403107808,8.106577831834944,62.0546849825156,1.2991377404377626
2009,DİYARBAKIR,1515011,32384,43918,-11534,76302,21.375422356669358,28.9885683998334,-7.584275942971295,50.36399075650276,0.7373741973678218
2009,EDİRNE,395463,15183,12910,2273,28093,38.39297228817867,32.64527907794155,5.7642588058372946,71.03825136612022,1.1760650658404337
2009,ELAZIĞ,550667,15900,18001,-2101,33901,28.87407453143188,32.689447524547504,-3.8081083163031804,61.563522055979384,0.8832842619854453
2009,ERZURUM,774207,24830,33681,-8851,58511,32.07152609056751,43.50386912027403,-11.367365220434545,75.57539521084155,0.7372108904129925
2009,ERZİNCAN,213288,11966,11189,777,23155,56.10254679119313,52.459585161846896,3.649609322708602,108.56213195304002,1.0694432031459469
2009,ESKİŞEHİR,755427,32346,23225,9121,55571,42.81816773824605,30.744201623717448,12.14729915371108,73.5623693619635,1.392723358449946
2009,GAZİANTEP,1653670,36075,34125,1950,70200,21.815114261007334,20.63591889554748,1.1798910264749394,42.451033156554814,1.0571428571428572
2009,GÜMÜŞHANE,130976,8681,10444,-1763,19125,66.27931834839971,79.7397996579526,-13.370494662798855,146.0191180063523,0.831194944465722
2009,GİRESUN,421860,16970,19567,-2597,36537,40.226615464846155,46.38268619921301,-6.137180276421247,86.60930166405916,0.8672765370266264
2009,HAKKARİ,256761,4314,7949,-3635,12263,16.801617068012664,30.958751523790607,-14.05762660081948,47.76036859180327,0.542709774814442
2009,HATAY,1448418,28547,32296,-3749,60843,19.709089503168283,22.297430714061825,-2.584995785332959,42.00652021723011,0.8839175130047064
2009,ISPARTA,420796,18633,15822,2811,34455,44.280363881785945,37.60016730197055,6.702583868733316,81.8805311837565,1.177664012135002
2009,IĞDIR,183486,5179,7986,-2807,13165,28.225586693262702,43.52375658088356,-15.18204116512836,71.74934327414626,0.6485098923115452
2009,KAHRAMANMARAŞ,1037491,18521,26934,-8413,45455,17.851721123363962,25.960707129025696,-8.076240943268079,43.81242825238966,0.6876438702012326
2009,KARABÜK,218564,8511,9242,-731,17753,38.940539155579145,42.28509727127981,-3.338974418705565,81.22563642685896,0.9209045661112313
2009,KARAMAN,231872,7853,8424,-571,16277,33.867823626828596,36.330389180237376,-2.459537167655579,70.19821280706597,0.9322174738841406
2009,KARS,306536,9028,15660,-6632,24688,29.451679411227392,51.08698488921367,-21.403766959709795,80.53866430044106,0.5765006385696041
2009,KASTAMONU,359823,13047,14570,-1523,27617,36.25949425134024,40.492130853225056,-4.2236979126945275,76.7516251045653,0.8954701441317776
2009,KAYSERİ,1205872,31075,28831,2244,59906,25.769733437711466,23.908839412474954,1.8626271010583109,49.67857285018642,1.0778328882106067
2009,KIRIKKALE,280834,15861,15565,296,31426,56.47820420604343,55.424200773410625,1.054559187134378,111.90240497945406,1.0190170253774493
2009,KIRKLARELİ,333179,10359,11242,-883,21601,31.091395316031324,33.741622371157845,-2.646719850848494,64.83301768718917,0.9214552570716954
2009,KIRŞEHİR,223102,10947,12186,-1239,23133,49.067242785810976,54.62075642531219,-5.538135583750332,103.68799921112317,0.8983259478089611
2009,KOCAELİ,1522408,60432,48399,12033,108831,39.6950094849738,31.791083599140308,7.9352858414202405,71.48609308411412,1.2486208392735387
2009,KONYA,1992675,46042,51006,-4964,97048,23.105624349178868,25.59674808987918,-2.488024751936815,48.70237243905805,0.9026781163000431
2009,KÜTAHYA,571804,15291,18210,-2919,33501,26.74168071576974,31.846576799043028,-5.091899274940756,58.58825751481277,0.8397034596375618
2009,KİLİS,122104,4662,5677,-1015,10339,38.18056738517985,46.493153377448735,-8.278179452987688,84.67372076262858,0.8212083847102343
2009,MALATYA,736884,25806,28208,-2402,54014,35.02043740941586,38.280109216647396,-3.2543677218748517,73.30054662606327,0.9148468519568916
2009,MANİSA,1331957,28781,34262,-5481,63043,21.608054914685685,25.7230526210681,-4.106548487578646,47.33110753575378,0.8400268519059015
2009,MARDİN,737852,18296,40308,-22012,58604,24.796300613131088,54.62884155630126,-29.394090735493243,79.42514216943235,0.4539049320234197
2009,MERSİN,1640888,48377,49209,-832,97586,29.482207195128492,29.989249723320544,-0.5069140147102548,59.471456918449036,0.9830925237253348
2009,MUĞLA,802381,28390,26613,1777,55003,35.38219374586387,33.16753512358842,2.217113697258552,68.5497288694523,1.0667718784052906
2009,MUŞ,404484,10158,20182,-10024,30340,25.113477912599755,49.8956695444072,-24.478871588489266,75.00914745700695,0.5033197899118026
2009,NEVŞEHİR,284025,8965,10667,-1702,19632,31.56412287650735,37.55655312032391,-5.974529268874879,69.12067599683127,0.8404424861723071
2009,NİĞDE,339921,12588,15778,-3190,28366,37.03213393700301,46.41666740213167,-9.340704388667003,83.44880133913468,0.7978197490176194
2009,ORDU,723507,30335,31296,-961,61631,41.92772150096682,43.255974026512526,-1.3273709836150487,85.18369552747934,0.9692932004089979
2009,OSMANİYE,471804,15167,16319,-1152,31486,32.14682368102009,34.58851557002484,-2.4387145941826494,66.73533925104492,0.9294074391813224
2009,RİZE,319569,12428,14575,-2147,27003,38.88987980686487,45.60830368402442,-6.695930826387643,84.49818349088929,0.8526929674099485
2009,SAKARYA,861570,25376,21665,3711,47041,29.453207516510556,25.14595447845213,4.3165492730435515,54.599161994962685,1.171290099238403
2009,SAMSUN,1250076,38874,39581,-707,78455,31.097309283595557,31.66287489720625,-0.5654057265923429,62.76018418080181,0.9821378944443041
2009,SİNOP,201134,9562,9558,4,19120,47.5404456730339,47.52055843368103,0.019887437105980153,95.06100410671493,1.0004184975936388
2009,SİVAS,633347,23217,28585,-5368,51802,36.65763001956274,45.13323659857866,-8.439840196468412,81.7908666181414,0.8122092006297009
2009,SİİRT,303622,8475,11797,-3322,20272,27.912997081897885,38.85423322420642,-10.881706482182107,66.7672303061043,0.7184029838094431
2009,TEKİRDAĞ,783310,37655,29066,8589,66721,48.071644687288554,37.10663721898099,11.02545456412613,85.17828190626955,1.2954998967866236
2009,TOKAT,624439,32655,34213,-1558,66868,52.294939938088426,54.789979485586265,-2.4919308145318912,107.08491942367469,0.9544617543039196
2009,TRABZON,765127,36868,26474,10394,63342,48.18546463528277,34.60079176398167,13.67757556617057,82.78625639926443,1.3926116189468913
2009,TUNCELİ,83061,4100,6205,-2105,10305,49.36131277013279,74.70413310699365,-25.025709309444977,124.06544587712645,0.660757453666398
2009,UŞAK,335860,8693,9644,-951,18337,25.882808312987553,28.714345262907162,-2.827533816680071,54.597153575894716,0.901389464952302
2009,VAN,1022310,22866,27175,-4309,50041,22.36699239956569,26.58195654938326,-4.206099869736823,48.948948948948946,0.8414351425942962
2009,YALOVA,202531,12269,10233,2036,22502,60.57838059358814,50.52559855034538,10.103566519281635,111.10397914393351,1.1989641356395975
2009,YOZGAT,487365,17705,25546,-7841,43251,36.328008781919095,52.416566638966685,-15.960169799434341,88.74457542088578,0.6930634933061928
2009,ZONGULDAK,619812,16258,20701,-4443,36959,26.230534420114488,33.39883706672346,-7.14270212134877,59.62937148683795,0.7853726873097918
2009,ÇANAKKALE,477735,15412,14802,610,30214,32.26056286434948,30.9837043549248,1.2776742140209036,63.244267219274285,1.0412106472098366
2009,ÇANKIRI,185019,20166,11831,8335,31997,108.99421140531513,63.94478404920576,46.08753590653105,172.9389954545209,1.7045051136843885
2009,ÇORUM,540704,13672,22699,-9027,36371,25.28555364857667,41.98045511037462,-16.556695263816735,67.26600875895129,0.6023172826996784
2009,İSTANBUL,12915158,388467,348986,39481,737453,30.078377670640965,27.021427070423762,3.0616302263963147,57.09980474106472,1.1131306126893343
2009,İZMİR,3868308,116390,89517,26873,205907,30.08809019343858,23.141125267171073,6.971179194948522,53.22921546060965,1.3001999620183875
2009,ŞANLIURFA,1613737,27190,35154,-7964,62344,16.849090031399168,21.78421886589946,-4.922981061605879,38.63330889729863,0.7734539454969562
2009,ŞIRNAK,430424,8356,13025,-4669,21381,19.41341560879505,30.260859059903723,-10.788927311653035,49.67427466869877,0.6415355086372361
2010,ADANA,2085225,53096,57402,-4306,110498,25.46295963265355,27.52796460813581,-2.062875051859318,52.99092424078936,0.9249851921535835
2010,ADIYAMAN,590935,14150,20135,-5985,34285,23.94510394544239,34.07312140929206,-10.076987511101944,58.01822535473445,0.702756394338217
2010,AFYONKARAHİSAR,697559,17451,24119,-6668,41570,25.017238685186484,34.576286737035865,-9.513577678761237,59.59352542222235,0.723537460093702
2010,AKSARAY,377505,10159,13225,-3066,23384,26.910901842359703,35.03264857419107,-8.088898738385069,61.94355041655077,0.7681663516068052
2010,AMASYA,334786,11729,13726,-1997,25455,35.034320431559266,40.99932494190318,-5.947266773779016,76.03364537346245,0.8545096896400991
2010,ANKARA,4771716,182845,133440,49405,316285,38.31850009514397,27.964782480767926,10.407596270792151,66.2832825759119,1.3702413069544364
2010,ANTALYA,1978333,86907,61662,25245,148569,43.92940925516584,31.168665740297513,12.842684617088834,75.09807499546335,1.409409360708378
2010,ARDAHAN,105454,4586,6857,-2271,11443,43.48815597322055,65.02361219109754,-21.306038587290494,108.51176816431808,0.6688056001166691
2010,ARTVİN,164759,7115,7988,-873,15103,43.184287353042926,48.48293568181404,-5.284647584225962,91.66722303485697,0.8907110665998998
2010,AYDIN,989862,29971,29923,48,59894,30.277957937571095,30.22946632964999,0.04849278366763046,60.50742426722109,1.0016041172342345
2010,AĞRI,542022,14950,22966,-8016,37916,27.581906269487217,42.37097387190926,-14.680512059776936,69.95288014139648,0.6509622920839502
2010,BALIKESİR,1152323,36784,35162,1622,71946,31.921605313787886,30.514013865903916,1.4085828024371436,62.435619179691805,1.0461293441783743
2010,BARTIN,187758,6902,7859,-957,14761,36.76008478999563,41.85707133650763,-5.084029930433259,78.61715612650326,0.8782287822878229
2010,BATMAN,510200,19561,18839,722,38400,38.33986671893375,36.92473539788318,1.4161333283644444,75.26460211681693,1.0383247518445777
2010,BAYBURT,74412,3984,4780,-796,8764,53.5397516529592,64.23695102940385,-10.640288731453014,117.77670268236307,0.8334728033472804
2010,BOLU,271208,11874,11926,-52,23800,43.78189433940002,43.97362909648683,-0.1917163777402538,87.75552343588684,0.9956397786349153
2010,BURDUR,258868,9439,8904,535,18343,36.46259869895081,34.39590833938532,2.0688281731860534,70.85850703833614,1.0600853548966755
2010,BURSA,2605495,72640,57220,15420,129860,27.879539204642494,21.961277991322188,5.935826098002722,49.84081719596468,1.269486193638588
2010,BİLECİK,225381,8876,8690,186,17566,39.382201694020345,38.55693248321731,0.8256098860125706,77.93913417723766,1.021403912543153
2010,BİNGÖL,255170,8453,10448,-1995,18901,33.126934984520126,40.94525218481797,-7.787873168922678,74.0721871693381,0.8090543644716692
2010,BİTLİS,328767,10800,15347,-4547,26147,32.85001231875462,46.680475838511775,-13.73547949571125,79.53048815726639,0.7037205968593211
2010,DENİZLİ,931823,21863,23468,-1605,45331,23.4626103884536,25.18504050661982,-1.7209480118225375,48.64765089507342,0.9316089994886654
2010,DÜZCE,338188,11820,10893,927,22713,34.9509740144535,32.20989508793925,2.7448408392047363,67.16086910239275,1.085100523271826
2010,DİYARBAKIR,1528958,34810,44858,-10048,79668,22.767139450527743,29.338935405681518,-6.550272428229275,52.10607485620926,0.7760042801729903
2010,EDİRNE,390428,14019,14830,-811,28849,35.906748491399185,37.98395606872458,-2.07505242002029,73.89070456012377,0.9453135536075522
2010,ELAZIĞ,552646,15551,19438,-3887,34989,28.139170463551714,35.17260597199654,-7.008787580724121,63.31177643554825,0.8000308673731865
2010,ERZURUM,769085,23294,35711,-12417,59005,30.287939564547482,46.433099072274196,-16.01587011886466,76.72103863682167,0.6522920108649995
2010,ERZİNCAN,224949,14198,12365,1833,26563,63.116528635379574,54.9680149722826,8.181848615714237,118.08454360766218,1.14824100283057
2010,ESKİŞEHİR,764584,31662,26780,4882,58442,41.41075408326619,35.025582539001604,6.405622042057724,76.43633662226779,1.1823002240477969
2010,GAZİANTEP,1700763,40380,36327,4053,76707,23.742285080284553,21.35923700127531,2.3858909254024976,45.101522081559864,1.111569906680981
2010,GÜMÜŞHANE,129618,8848,10128,-1280,18976,68.26212408770387,78.13729574596121,-9.826651721967172,146.39941983366506,0.8736176935229067
2010,GİRESUN,419256,17474,20514,-3040,37988,41.67859255442975,48.92953231438548,-7.22474665855467,90.60812486881524,0.8518085210100419
2010,HAKKARİ,251302,6013,9225,-3212,15238,23.927386172811996,36.708820463028545,-12.700270454078163,60.636206635840544,0.6518157181571815
2010,HATAY,1480571,29752,33730,-3978,63482,20.0949498538064,22.781751094679013,-2.6831966328512844,42.876700948485414,0.8820634450044471
2010,ISPARTA,448298,15017,18255,-3238,33272,33.49780726213367,40.7206813325065,-7.196882980638651,74.21848859464018,0.822623938646946
2010,IĞDIR,184418,6667,8353,-1686,15020,36.15156871888861,45.29384333416478,-9.100674183989074,81.44541205305339,0.7981563510116126
2010,KAHRAMANMARAŞ,1044816,21182,28592,-7410,49774,20.273426134362413,27.365583987994057,-7.06709736857917,47.639010122356474,0.7408365976496922
2010,KARABÜK,227610,9036,8906,130,17942,39.69948596283116,39.12833355300734,0.5713155639543827,78.8278195158385,1.014596900965641
2010,KARAMAN,232633,7478,8927,-1449,16405,32.1450525075978,38.373747490682746,-6.209356888036596,70.51879999828056,0.837683432284082
2010,KARS,301766,9906,16657,-6751,26563,32.826759807267884,55.198398759303565,-22.124162069072874,88.02515856657145,0.594704928858738
2010,KASTAMONU,361222,13811,15422,-1611,29233,38.234105342421,42.69396659118215,-4.449938195302843,80.92807193360316,0.8955388406172999
2010,KAYSERİ,1234651,37842,30380,7462,68222,30.649956951397602,24.606143760463482,6.062132388782374,55.25610071186109,1.2456221198156683
2010,KIRIKKALE,276647,12488,19229,-6741,31717,45.14055818425647,69.50735052250702,-24.07349540653709,114.64790870676349,0.6494357480888242
2010,KIRKLARELİ,332791,12844,12088,756,24932,38.59479372939773,36.32309767992524,2.274279285106178,74.91789140932296,1.0625413633355394
2010,KIRŞEHİR,221876,9875,12626,-2751,22501,44.506841659305195,56.905659016748096,-12.322425605203101,101.41250067605328,0.7821162680183747
2010,KOCAELİ,1560138,64503,49379,15124,113882,41.344419532118316,31.650405284660717,9.741230058947195,72.99482481677903,1.3062840478746025
2010,KONYA,2013845,47901,56729,-8828,104630,23.785842505257357,28.169496659375472,-4.374066955727684,51.95533916463283,0.8443829434680675
2010,KÜTAHYA,590496,15311,19923,-4612,35234,25.9290494770498,33.73943261258332,-7.7800007422377115,59.66848208963312,0.7685087587210762
2010,KİLİS,123135,4813,5572,-759,10385,39.08718073658992,45.25114711495513,-6.145027506891903,84.33832785154505,0.8637832017229002
2010,MALATYA,740643,25320,30931,-5611,56251,34.18651091011459,41.76236054347371,-7.547261175454655,75.9488714535883,0.8185962303190973
2010,MANİSA,1379484,32094,35497,-3403,67591,23.265220908687596,25.732085330456897,-2.463825460084833,48.99730623914449,0.9041327436121362
2010,MARDİN,744606,25478,30495,-5017,55973,34.21675355825766,40.95454508827487,-6.715168826197323,75.17129864653253,0.8354812264305624
2010,MERSİN,1647899,50430,51739,-1309,102169,30.60260367898761,31.396948478031725,-0.7940294324691313,61.99955215701933,0.9746999362183266
2010,MUĞLA,817503,35129,28850,6279,63979,42.97109613053408,35.29039037165613,7.710316093488964,78.26148650219021,1.2176429809358753
2010,MUŞ,406886,11782,17841,-6059,29623,28.95651361806501,43.84766249023068,-14.781095128142264,72.80417610829569,0.6603889916484502
2010,NEVŞEHİR,282337,9231,12366,-3135,21597,32.6949709035656,43.79872280289158,-11.042445611112187,76.49369370645718,0.7464822901504125
2010,NİĞDE,337931,12602,17666,-5064,30268,37.29163645833025,52.276944109892256,-14.873862945459566,89.5685805682225,0.7133476734971131
2010,ORDU,719183,27896,36241,-8345,64137,38.78845857034997,50.39190303441544,-11.536512821150872,89.18036160476541,0.7697359344388952
2010,OSMANİYE,479221,16868,16928,-60,33796,35.19879137183053,35.32399456618136,-0.12519535692152964,70.52278593801189,0.9964555765595463
2010,RİZE,319637,13070,14819,-1749,27889,40.89013474660318,46.36196685615245,-5.4569024824382275,87.25210160275563,0.8819758418246846
2010,SAKARYA,872872,26248,24627,1621,50875,30.070846584608052,28.213758718345876,1.8588138565915362,58.28460530295393,1.0658220652129777
2010,SAMSUN,1252693,35418,44825,-9407,80243,28.273487598318184,35.78290930020364,-7.481331465452624,64.05639689852183,0.7901394311210262
2010,SİNOP,202740,11027,9967,1060,20994,54.38985893262306,49.16148761961132,5.242075070471293,103.55134655223439,1.1063509581619344
2010,SİVAS,642224,23467,31362,-7895,54829,36.54021026931413,48.83342883479907,-12.218118564498743,85.37363910411321,0.7482622281742236
2010,SİİRT,300695,8911,13973,-5062,22884,29.634679658790468,46.46901345216914,-16.69381913160481,76.10369311095961,0.6377299076790954
2010,TEKİRDAĞ,798109,41307,29433,11874,70740,51.75608845408334,36.87842136850981,14.989169018849442,88.63450982259316,1.4034247273468556
2010,TOKAT,617802,25430,40995,-15565,66425,41.162055156830185,66.35621121330135,-24.88073153986392,107.51826637013153,0.6203195511647762
2010,TRABZON,763714,29130,36546,-7416,65676,38.14255074543612,47.85299208866146,-9.663522807529626,85.99554283409758,0.7970776555573797
2010,TUNCELİ,76699,6400,6258,142,12658,83.4430696619252,81.59167655380122,1.8531085242992118,165.03474621572641,1.0226909555768615
2010,UŞAK,338019,8998,9562,-564,18560,26.61980539555469,28.288350654844844,-1.6671543980065089,54.90815605039953,0.9410165237398034
2010,VAN,1035418,23231,31312,-8081,54543,22.436349377739234,30.24092685273001,-7.774240145229463,52.67727623046924,0.7419200306591722
2010,YALOVA,203741,10455,10984,-529,21439,51.315150117060384,53.911583824561575,-2.5930673437725944,105.22673394162196,0.9518390386016023
2010,YOZGAT,476096,16181,29618,-13437,45799,33.98684298964915,62.210142492270464,-27.830564326464927,96.19698548191961,0.5463231818488757
2010,ZONGULDAK,619703,15712,23267,-7555,38979,25.35408090649876,37.54540481488713,-12.117459968675846,62.89948572138589,0.6752911849400438
2010,ÇANAKKALE,490397,16578,15420,1158,31998,33.80526389843331,31.44391176944394,2.3641434165343047,65.24917566787725,1.0750972762645914
2010,ÇANKIRI,179067,11536,17958,-6422,29494,64.42281380712248,100.28648494697515,-35.231898528621116,164.70929875409763,0.6423877937409511
2010,ÇORUM,535405,14462,22860,-8398,37322,27.01132787329218,42.69665019938178,-15.563264912787897,69.70797807267395,0.6326334208223972
2010,İSTANBUL,13255685,439515,336932,102583,776447,33.15671728771467,25.41792446033532,7.768853601644029,58.574641748049984,1.3044620279462917
2010,İZMİR,3948848,111255,99775,11480,211030,28.17403961864321,25.26686263943307,2.91140896977714,53.44090225807628,1.1150588824855925
2010,ŞANLIURFA,1663371,32555,37555,-5000,70110,19.57170108171899,22.57764503529279,-3.0014328840588496,42.14934611701178,0.8668619358274531
2010,ŞIRNAK,430109,11733,13554,-1821,25287,27.279131568974375,31.512942068173416,-4.224866856371928,58.792073637147794,0.8656485170429393
2011,ADANA,2108805,50523,62402,-11879,112925,23.958118460455093,29.591166561156673,-5.617227045631281,53.549285021611766,0.8096375116182174
2011,ADIYAMAN,593931,13873,23939,-10066,37812,23.357932150367635,40.306028814794985,-16.80568448187203,63.66396096516262,0.5795145996073353
2011,AFYONKARAHİSAR,698626,17219,24063,-6844,41282,24.646949870173742,34.44332160555147,-9.748621176899585,59.09027147572521,0.7155799360013299
2011,AKSARAY,378823,10778,13142,-2364,23920,28.451281997133226,34.691663388970575,-6.220970776700306,63.1429453861038,0.8201187033936996
2011,AMASYA,323079,11424,14142,-2718,25566,35.359772687175585,43.77257574772734,-8.37756366393579,79.13234843490292,0.8078065337293169
2011,ANKARA,4890893,191864,137385,54479,329249,39.22882794614399,28.089962303407578,11.201250253538827,67.31879024955157,1.3965425628707646
2011,ANTALYA,2043482,89731,62875,26856,152606,43.910834546132534,30.768560721356977,13.229204740366512,74.67939526748951,1.4271332007952287
2011,ARDAHAN,107455,4908,6673,-1765,11581,45.674933693173884,62.100414126843795,-16.291681089188877,107.77534782001769,0.7355012737898996
2011,ARTVİN,166394,7948,7948,0,15896,47.766145413897135,47.766145413897135,0.0,95.53229082779427,1.0
2011,AYDIN,999163,32077,31056,1021,63133,32.10387093997676,31.08201564709662,1.022377653888615,63.185886587073384,1.0328760947964966
2011,AĞRI,555479,15508,25182,-9674,40690,27.91824713445513,45.33384700411717,-17.265257461860806,73.25209413857229,0.6158367087602256
2011,BALIKESİR,1154314,37143,36638,505,73781,32.17755307481327,31.740063795466398,0.43758499871973894,63.917616870279666,1.0137835034663465
2011,BARTIN,187291,6560,7619,-1059,14179,35.02570865658254,40.68001131928389,-5.6383621596151645,75.70571997586643,0.861005381283633
2011,BATMAN,524499,18429,19902,-1473,38331,35.136387295304665,37.94478159157596,-2.8044562867513716,73.08116888688062,0.9259873379559843
2011,BAYBURT,76724,3997,4570,-573,8567,52.09582399249257,59.56415202544184,-7.440543821946358,111.65997601793441,0.8746170678336981
2011,BOLU,276506,12545,11386,1159,23931,45.369720729387424,41.17812995016383,4.200393945489107,86.54785067955126,1.1017916739855964
2011,BURDUR,250527,8873,9712,-839,18585,35.41734024675983,38.76628068032587,-3.343342106783717,74.1836209270857,0.9136120263591433
2011,BURSA,2652126,74243,58258,15985,132501,27.99376801856322,21.966527985472787,6.045458748584366,49.96029600403601,1.2743829173675718
2011,BİLECİK,203849,9250,8914,336,18164,45.37672492874628,43.72844605565884,1.649638405153156,89.10517098440512,1.0376935158178147
2011,BİNGÖL,262263,9292,10782,-1490,20074,35.43008354209324,41.111403438533074,-5.665226913249787,76.54148698062632,0.8618067148951957
2011,BİTLİS,336624,11419,16610,-5191,28029,33.922120823233044,49.34288701934503,-15.302775931218576,83.26500784257807,0.6874774232390126
2011,DENİZLİ,942278,23454,23853,-399,47307,24.890743496080773,25.314185410250477,-0.4233522816194551,50.204928906331254,0.983272544334046
2011,DÜZCE,342146,11253,10679,574,21932,32.88946823870511,31.211821853828482,1.679054814996826,64.1012900925336,1.0537503511564754
2011,DİYARBAKIR,1570943,36622,46834,-10212,83456,23.312112533681997,29.812666659452315,-6.47949397512387,53.124779193134316,0.7819532818038177
2011,EDİRNE,399316,14494,14588,-94,29082,36.2970679862565,36.53247052459706,-0.23537483442381993,72.82953851085355,0.9935563476830271
2011,ELAZIĞ,558556,16862,20054,-3192,36916,30.18855763790918,35.903293492505675,-5.698453276967681,66.09185113041485,0.8408297596489478
2011,ERZURUM,780847,27719,33599,-5880,61318,35.49863161413183,43.02891603604804,-7.502038181291601,78.52754765017987,0.8249947915116521
2011,ERZİNCAN,215277,11523,14218,-2695,25741,53.52638693404312,66.04514184051246,-12.440882725638144,119.57152877455557,0.8104515403010268
2011,ESKİŞEHİR,781247,35045,27908,7137,62953,44.857772253845454,35.72237717392835,9.177314275757913,80.5801494277738,1.255733123118819
2011,GAZİANTEP,1753596,45991,38634,7357,84625,26.22667934917735,22.031300253878317,4.204198197915044,48.25797960305567,1.1904281203085365
2011,GÜMÜŞHANE,132374,10426,8988,1438,19414,78.7616903621557,67.89852992279451,10.92248680262808,146.6602202849502,1.1599910992434357
2011,GİRESUN,419498,17058,19346,-2288,36404,40.66288754654373,46.11702558772628,-5.439304681891014,86.77991313427,0.8817326579137806
2011,HAKKARİ,272165,8775,9133,-358,17908,32.24147116638804,33.5568497051421,-1.3145139970037893,65.79832087153014,0.9608014891054418
2011,HATAY,1474223,29509,37164,-7655,66673,20.016646056939827,25.209211903490857,-5.179119387328106,45.22585796043068,0.7940210956839953
2011,ISPARTA,411245,15325,18269,-2944,33594,37.26489075855026,44.42364040900193,-7.133217192410296,81.68853116755218,0.8388527012972795
2011,IĞDIR,188857,6915,8579,-1664,15494,36.61500500378593,45.4259042556008,-8.772253530779329,82.04090925938674,0.8060379997668726
2011,KAHRAMANMARAŞ,1054210,21716,31005,-9289,52721,20.599311332656683,29.410648732226026,-8.772687843325027,50.009960064882705,0.7004031607805192
2011,KARABÜK,219728,8239,9066,-827,17305,37.49635913493046,41.26010340056798,-3.7566746842371836,78.75646253549843,0.9087800573571586
2011,KARAMAN,234005,7593,9365,-1772,16958,32.44802461485866,40.02051238221406,-7.543924628870412,72.46853699707272,0.8107848371596369
2011,KARS,305755,10654,16376,-5722,27030,34.844892152213376,53.55922225311115,-18.540840397127823,88.40411440532452,0.6505862237420615
2011,KASTAMONU,359759,15023,15482,-459,30505,41.75851055845719,43.03436467190536,-1.2750407304677789,84.79287523036255,0.9703526676140034
2011,KAYSERİ,1255349,34387,31787,2600,66174,27.39238251673439,25.321245326996717,2.073284217761826,52.7136278437311,1.08179444426967
2011,KIRIKKALE,274992,12190,17482,-5292,29672,44.32856228544831,63.5727584802467,-19.060791390227564,107.901320765695,0.6972886397437364
2011,KIRKLARELİ,340199,11979,11829,150,23808,35.211743714708156,34.77082531106793,0.44101562959391283,69.98256902577609,1.0126806999746385
2011,KIRŞEHİR,221015,9598,11870,-2272,21468,43.42691672510916,53.70676198448069,-10.227277842548537,97.13367870958984,0.8085930918281382
2011,KOCAELİ,1601720,63314,50070,13244,113384,39.52875658666933,31.260145343755465,8.302938126685634,70.7889019304248,1.2645096864389853
2011,KONYA,2038555,52134,54533,-2399,106667,25.573997267672443,26.750811236390483,-1.1761219303597565,52.32480850406293,0.956008288559221
2011,KÜTAHYA,564264,17547,20655,-3108,38202,31.097146016758114,36.60520607375271,-5.492932356340732,67.70235209051083,0.8495279593318809
2011,KİLİS,124452,4692,6420,-1728,11112,37.701282422138654,51.586153697811206,-13.789141051422005,89.28743611994986,0.7308411214953271
2011,MALATYA,757930,32925,29515,3410,62440,43.440687134695814,38.94159091208951,4.509239974875203,82.38227804678532,1.1155344739962731
2011,MANİSA,1340074,33312,36021,-2709,69333,24.858328719160284,26.879858873465196,-2.0194889254253954,51.73818759262548,0.9247938702423586
2011,MARDİN,764033,25447,31302,-5855,56749,33.30615300648009,40.969434566308,-7.6340306964961036,74.27558757278808,0.8129512491214619
2011,MERSİN,1667939,51328,54630,-3302,105958,30.773307656934698,32.75299636257681,-1.977731059721249,63.52630401951151,0.9395570199524071
2011,MUĞLA,838324,35409,29604,5805,65013,42.23784598794738,35.31331561544224,6.948588227619232,77.55116160338962,1.196088366436968
2011,MUŞ,414706,12895,18663,-5768,31558,31.094317420051794,45.0029659566054,-13.812591297684332,76.0972833766572,0.6909392916465734
2011,NEVŞEHİR,283247,8995,11374,-2379,20369,31.75673528757586,40.15576510960398,-8.36390547626623,71.91250039717984,0.7908387550553895
2011,NİĞDE,337553,11769,17023,-5254,28792,34.86563591495261,50.43059904666823,-15.444764536421895,85.29623496162084,0.69135874992657
2011,ORDU,714390,23963,34472,-10509,58435,33.54330267780904,48.25375495177704,-14.603043586103972,81.79705762958608,0.6951438848920863
2011,OSMANİYE,485357,15675,18420,-2745,34095,32.29581524527307,37.951446048990746,-5.639682821772668,70.24726129426381,0.8509771986970684
2011,RİZE,323012,14558,14560,-2,29118,45.069533020445064,45.0757247408765,-0.006191701262797472,90.14525776132156,0.9998626373626374
2011,SAKARYA,888556,28537,24633,3904,53170,32.11615249911092,27.72250707890105,4.403318730797515,59.83865957801196,1.1584865830390128
2011,SAMSUN,1251729,35103,43408,-8305,78511,28.043610078539363,34.67843279176243,-6.61288505324746,62.7220428703018,0.8086758201253226
2011,SİNOP,203027,10038,10618,-580,20656,49.44169987243076,52.298462766036046,-2.8526881667543784,101.7401626384668,0.9453757769824825
2011,SİVAS,627056,22884,30131,-7247,53015,36.49434819218698,48.051529687938555,-11.490780975122863,84.54587788012554,0.7594835883309549
2011,SİİRT,310468,10274,14228,-3954,24502,33.091977273020085,45.827589316773384,-12.655027284802125,78.91956658979348,0.7220972729828508
2011,TEKİRDAĞ,829873,42265,28620,13645,70885,50.9294795709705,34.487204668666166,16.578569601743755,85.41668423963667,1.476764500349406
2011,TOKAT,608299,29576,36342,-6766,65918,48.62082627129093,59.743645805763286,-11.061303095399243,108.36447207705422,0.8138242254141214
2011,TRABZON,757353,24858,38446,-13588,63304,32.822211042935066,50.763646542629395,-17.78191892397667,83.58585758556445,0.6465692139624408
2011,TUNCELİ,85062,6187,6419,-232,12606,72.73518139709859,75.4626037478545,-2.723707999718237,148.1977851449531,0.9638572986446488
2011,UŞAK,339731,8653,10138,-1485,18791,25.47015138447772,29.841256759024052,-4.3615729271147385,55.31140814350177,0.8535214046162951
2011,VAN,1022532,23415,72273,-48858,95688,22.899038856485664,70.68042858316414,-46.666494740491764,93.5794674396498,0.32397990950977545
2011,YALOVA,206535,10267,9782,485,20049,49.71070278645266,47.36243251749098,2.3510306967049215,97.07313530394364,1.0495808628092416
2011,YOZGAT,465696,15251,26921,-11670,42172,32.748831855974714,57.80809798666942,-24.74916813528697,90.55692984264412,0.5665094164406969
2011,ZONGULDAK,612406,15822,23658,-7836,39480,25.835801739368982,38.63123483440724,-12.714091938655642,64.46703657377623,0.6687801166624397
2011,ÇANAKKALE,486445,17278,15623,1655,32901,35.51891786327334,32.11668328382448,3.408032041678893,67.63560114709782,1.1059335594956154
2011,ÇANKIRI,177211,10582,14322,-3740,24904,59.71412609826704,80.81891078996225,-20.884404263992273,140.53303688822928,0.738863287250384
2011,ÇORUM,534578,15174,22441,-7267,37615,28.385006491101393,41.9789067264272,-13.502126951951045,70.36391321752859,0.676173076066129
2011,İSTANBUL,13624240,450445,328663,121782,779108,33.0620276800761,24.12340064473321,8.978755910505583,57.18542832480931,1.3705376023464766
2011,İZMİR,3965232,110364,101420,8944,211784,27.83292377343873,25.577318048477366,2.258152475787475,53.410241821916095,1.088187734174719
2011,ŞANLIURFA,1716254,35888,41570,-5682,77458,20.9106577464641,24.221356512497568,-3.3052274597971607,45.13201425896167,0.8633148905460669
2011,ŞIRNAK,457997,13403,13957,-554,27360,29.264383827841666,30.473998737983,-1.2088837682259959,59.738382565824665,0.9603066561582002
2012,ADANA,2125635,45927,59294,-13367,105221,21.60624942664192,27.894723223883688,-6.268763320301352,49.50097265052561,0.7745640368334065
2012,ADIYAMAN,595261,14323,22591,-8268,36914,24.06171410524123,37.95141962937266,-13.793908858098582,62.013133734613895,0.6340135452171218
2012,AFYONKARAHİSAR,703948,24167,21738,2429,45905,34.33066078744453,30.880121827180417,3.4565023582908743,65.21078261462495,1.1117398104701444
2012,AKSARAY,379915,10667,12374,-1707,23041,28.077333087664346,32.57044338865273,-4.483038906842347,60.64777647631707,0.8620494585421045
2012,AMASYA,322283,11228,13128,-1900,24356,34.83894589537766,40.73438561760937,-5.878112692701549,75.57333151298704,0.8552711761121268
2012,ANKARA,4965542,160235,137834,22401,298069,32.26938771235849,27.758097706151716,4.521488880005546,60.0274854185102,1.1625215839342977
2012,ANTALYA,2092537,83596,62893,20703,146489,39.9495922891686,30.055860422061834,9.942918150184026,70.00545271123043,1.3291781279315662
2012,ARDAHAN,106643,4923,5986,-1063,10909,46.163367497163435,56.13120411091211,-9.918404097989727,102.29457160807554,0.8224189776144337
2012,ARTVİN,167082,7286,7612,-326,14898,43.607330532313476,45.55846829700387,-1.9492361505575653,89.16579882931734,0.9571728849185497
2012,AYDIN,1006541,32412,29623,2789,62035,32.20137083337887,29.430495131345868,2.774719904013992,61.63186596472474,1.0941498160213348
2012,AĞRI,552404,12856,27984,-15128,40840,23.27282206501039,50.65857596976126,-27.015829475970055,73.93139803477165,0.45940537449971414
2012,BALIKESİR,1160731,34922,35315,-393,70237,30.086212912380216,30.424792652216578,-0.3385224314179826,60.51100556459679,0.988871584312615
2012,BARTIN,188436,7145,7330,-185,14475,37.91738309027999,38.89914878261054,-0.9812839968492827,76.81653187289054,0.9747612551159618
2012,BATMAN,534205,15906,20739,-4833,36645,29.775086343257737,38.822175007721754,-9.006348049789283,68.5972613509795,0.7669607984955881
2012,BAYBURT,75797,3664,4085,-421,7749,48.339644049236774,53.89395358655356,-5.538927079564517,102.23359763579033,0.8969400244798041
2012,BOLU,281080,13136,9677,3459,22813,46.73402590009962,34.42792087661876,12.382293928237107,81.16194677671837,1.3574454893045365
2012,BURDUR,254341,11473,8497,2976,19970,45.108731977935136,33.407905135231836,11.76968436206017,78.51663711316696,1.350241261621749
2012,BURSA,2688171,67736,61520,6216,129256,25.197801776747088,22.885448879554165,2.3150294797552236,48.08325065630125,1.101040312093628
2012,BİLECİK,204116,10387,8118,2269,18505,50.887730506182756,39.77150247898254,11.178358618888913,90.6592329851653,1.2795023404779502
2012,BİNGÖL,262507,7569,11145,-3576,18714,28.833516820503835,42.45601069685761,-13.530335420647383,71.28952751736144,0.6791386271870794
2012,BİTLİS,337253,10998,16886,-5888,27884,32.6105327454463,50.0692358555743,-17.307618820859677,82.6797686010206,0.6513087765012436
2012,DENİZLİ,950557,24446,21992,2454,46438,25.717552971573507,23.135908735615015,2.584980986590543,48.85346170718852,1.1115860312841033
2012,DÜZCE,346493,10432,10579,-147,21011,30.107390336889924,30.531641331859518,-0.4241610196022986,60.63903166874944,0.9861045467435485
2012,DİYARBAKIR,1592167,30789,47575,-16786,78364,19.337795595562525,29.88065950368272,-10.48757934722847,49.21845509924524,0.6471676300578034
2012,EDİRNE,399708,14813,13675,1138,28488,37.05955347403604,34.21247510682799,2.851137072548661,71.27202858086403,1.083217550274223
2012,ELAZIĞ,562703,17108,18344,-1236,35452,30.40325002710133,32.59979065332867,-2.1941308774215766,63.00304068043,0.9326210204971653
2012,ERZURUM,778195,22551,33234,-10683,55785,28.978597909264387,42.706519574142725,-13.634336115803157,71.68511748340711,0.6785520852139375
2012,ERZİNCAN,217886,12192,10649,1543,22841,55.95586682944292,48.87418191164187,7.106849151023999,104.83004874108478,1.1448962343882054
2012,ESKİŞEHİR,789750,32363,25299,7064,57662,40.978790756568536,32.034188034188034,8.984785390311593,73.01297879075656,1.2792205225502984
2012,GAZİANTEP,1799558,41672,39410,2262,81082,23.156797391359433,21.89982206741878,1.2577658142365522,45.05661945877821,1.0573965998477544
2012,GÜMÜŞHANE,135216,11166,9001,2165,20167,82.57898473553426,66.56756596852443,16.140636008156054,149.14655070405868,1.2405288301299855
2012,GİRESUN,419555,18027,17861,166,35888,42.96695308124084,42.5712957776692,0.39573559141015374,85.53824885891004,1.0092939924976205
2012,HAKKARİ,279982,5622,10137,-4515,15759,20.079862276860656,36.20589895064683,-15.99705214897277,56.285761227507486,0.5546019532406037
2012,HATAY,1483674,27260,35139,-7879,62399,18.373308422200566,23.683774198375115,-5.2964025938188914,42.05708262057568,0.7757762030791997
2012,ISPARTA,416663,19731,14330,5401,34061,47.354816722387156,34.39230265226334,13.047075520125615,81.7471193746505,1.3769016050244243
2012,IĞDIR,190409,6429,8632,-2203,15061,33.76416030754849,45.33399156552474,-11.503285720626284,79.09815187307322,0.7447868396663577
2012,KAHRAMANMARAŞ,1063174,19908,29467,-9559,49375,18.725062877760365,27.71606529128816,-8.950764242076083,46.441128169048525,0.675603217158177
2012,KARABÜK,225145,13510,8444,5066,21954,60.005774056719005,37.50471918097226,22.757084074533267,97.51049323769126,1.5999526290857413
2012,KARAMAN,235424,8191,8066,125,16257,34.79254451542749,34.26158760364279,0.5310979068369296,69.05413211907027,1.0154971485246715
2012,KARS,304821,9706,16185,-6479,25891,31.841638207341358,53.09673546113949,-21.031583081894627,84.93837366848085,0.5996910719802286
2012,KASTAMONU,359808,14340,13933,407,28273,39.85458911419423,38.72343027392387,1.1317989624712705,78.57801938811811,1.029211225148927
2012,KAYSERİ,1274968,33917,30143,3774,64060,26.60223629142065,23.642161999359985,2.9644618056510152,50.24439829078063,1.1252031980891086
2012,KIRIKKALE,274727,13776,13912,-136,27688,50.144325093638415,50.63936198480673,-0.4949143907276333,100.78368707844514,0.9902242668200115
2012,KIRKLARELİ,341218,12548,11232,1316,23780,36.77414438863131,32.91737247155777,3.8642236316654923,69.69151686018908,1.1171652421652423
2012,KIRŞEHİR,221209,9733,9898,-165,19631,43.999113960101084,44.74501489541565,-0.7456228549221277,88.74412885551673,0.9833299656496262
2012,KOCAELİ,1634691,62966,51561,11405,114527,38.518594645715915,31.541740916173147,7.001277172920497,70.06033556188906,1.221194313531545
2012,KONYA,2052281,51981,48313,3668,100294,25.328402884400333,23.541123267232898,1.7888782299664414,48.86952615163323,1.075921594601867
2012,KÜTAHYA,573421,20550,16702,3848,37252,35.83754344539178,29.126941636249807,6.733193700054419,64.96448508164158,1.2303915698718717
2012,KİLİS,124320,4315,6075,-1760,10390,34.70881595881596,48.865830115830114,-14.057507987220447,83.57464607464607,0.7102880658436214
2012,MALATYA,762366,24270,28545,-4275,52815,31.83510282462754,37.442645658384556,-5.59186452383802,69.27774848301209,0.8502364687335786
2012,MANİSA,1346162,32211,34054,-1843,66265,23.92802649309667,25.29710391468486,-1.368140876196613,49.22513040778153,0.9458800728255125
2012,MARDİN,773026,21676,30299,-8623,51975,28.040454008015253,39.195318139364005,-11.09299371251226,67.23577214737927,0.7154031486187663
2012,MERSİN,1682848,46721,53523,-6802,100244,27.763054060735136,31.805011504306986,-4.033805209076477,59.56806556504212,0.8729144479943202
2012,MUĞLA,851145,33213,28301,4912,61514,39.021553319352165,33.25050373320644,5.787750283083674,72.27205705255861,1.173562771633511
2012,MUŞ,413260,9914,20646,-10732,30560,23.989740115181725,49.958863669360696,-25.636248106902105,73.94860378454241,0.4801898672866415
2012,NEVŞEHİR,285190,10214,10859,-645,21073,35.81472001122059,38.076370139205444,-2.2590954861871198,73.89109015042604,0.9406022654019707
2012,NİĞDE,340270,12359,13514,-1155,25873,36.321156728480325,39.71552002821289,-3.388612209272475,76.03667675669321,0.9145330768092349
2012,ORDU,741371,48240,26595,21645,74835,65.06863635076095,35.87272768964527,29.628423027355474,100.94136404040621,1.8138747884940778
2012,OSMANİYE,492135,15343,17340,-1997,32683,31.17640484826318,35.234234508823796,-4.049613339998195,66.41063935708698,0.8848327566320646
2012,RİZE,324152,12315,13856,-1541,26171,37.99143611638984,42.745378711221896,-4.7426694057813785,80.73681482761174,0.8887846420323325
2012,SAKARYA,902267,28457,23787,4670,52244,31.53944453249426,26.363593038424323,5.189280967895352,57.903037570918585,1.1963257241350318
2012,SAMSUN,1251722,32249,41561,-9312,73810,25.76370791597495,33.20305946528063,-7.411782122896135,58.96676738125558,0.7759437934602151
2012,SİNOP,201311,8277,10371,-2094,18648,41.11548797631525,51.51730407180929,-10.347997114025638,92.63279204812454,0.798090830199595
2012,SİVAS,623535,21492,27441,-5949,48933,34.467992975534656,44.00875652529529,-9.495466549190395,78.47674950082994,0.7832076090521483
2012,SİİRT,310879,8823,14628,-5805,23451,28.380816973806528,47.053676832465364,-18.500134647836152,75.43449380627189,0.6031583264971287
2012,TEKİRDAĞ,852321,42155,28042,14113,70197,49.45906530520778,32.90074983486269,16.696548831756214,82.35981514007047,1.50328079309607
2012,TOKAT,613990,34725,31812,2913,66537,56.55629570514178,51.81191876089187,4.755658261956285,108.36821446603365,1.09156921916258
2012,TRABZON,757898,21864,25478,-3614,47342,28.848209125766264,33.616660817154816,-4.757109667568333,62.46486994292108,0.8581521312504906
2012,TUNCELİ,86276,5171,5404,-233,10575,59.93555565858408,62.63619082943113,-2.696993373267355,122.57174648801521,0.9568837897853442
2012,UŞAK,342269,10351,9435,916,19786,30.242294803210342,27.566037239714962,2.6798435392658515,57.8083320429253,1.0970853206147324
2012,VAN,1051975,50003,46639,3364,96642,47.53249839587443,44.33470377147746,3.2029157577933014,91.86720216735189,1.0721284761680139
2012,YALOVA,211799,11353,9199,2154,20552,53.602708228084175,43.43268853960595,10.221998652252731,97.03539676769012,1.234155886509403
2012,YOZGAT,453211,14646,24525,-9879,39171,32.316073528665456,54.11386749218355,-21.562783408508775,86.42994102084901,0.5971865443425076
2012,ZONGULDAK,606527,14279,22687,-8408,36966,23.54223307453749,37.404765162968836,-13.767108596092223,60.94699823750633,0.6293912813505532
2012,ÇANAKKALE,493691,23252,14374,8878,37626,47.09828617495559,29.11537783755426,18.1460678750419,76.21366401250985,1.6176429664672325
2012,ÇANKIRI,184406,17050,10609,6441,27659,92.45903061722504,57.53066603038947,35.54920233683159,149.9896966476145,1.6071260250730512
2012,ÇORUM,529975,13289,20610,-7321,33899,25.074767677720647,38.88862682201991,-13.71910227111952,63.96339449974055,0.6447840853954391
2012,İSTANBUL,13854740,384535,354074,30461,738609,27.754761186424286,25.556163450198273,2.201017312065865,53.31092463662256,1.086030038918418
2012,İZMİR,4005459,105804,95954,9850,201758,26.414950196719026,23.955806313333877,2.4621713001314323,50.37075651005291,1.102653354732476
2012,ŞANLIURFA,1762075,31890,44878,-12988,76768,18.097981073450335,25.468836457018003,-7.343790375156412,43.56681753046834,0.7105931636882215
2012,ŞIRNAK,466982,11075,14617,-3542,25692,23.71611753772094,31.3009923294688,-7.556218306869503,55.01710986718974,0.7576794143805159
2013,ADANA,2149260,50598,62933,-12335,113531,23.54205633566902,29.28124098526935,-5.722762653812294,52.82329732093837,0.8039979025312634
2013,ADIYAMAN,597184,15715,24077,-8362,39792,26.315172543135784,40.317557067838386,-13.905032717234958,66.63272961097417,0.6526975952153508
2013,AFYONKARAHİSAR,707123,22200,26799,-4599,48999,31.39482098588223,37.898639982011616,-6.48273771976502,69.29346096789385,0.8283891189969775
2013,AKSARAY,382806,11491,13726,-2235,25217,30.01781581270931,35.856282294425895,-5.821472246424093,65.87409810713521,0.8371703336733207
2013,AMASYA,321977,12379,14658,-2279,27037,38.446845582137854,45.524990915500176,-7.053183604056122,83.97183649763804,0.8445217628598718
2013,ANKARA,5045083,186642,153791,32851,340433,36.99483239423415,30.48334388155755,6.532757500386534,67.4781762757917,1.213608078496141
2013,ANTALYA,2158265,88605,64075,24530,152680,41.0538094256266,29.68819862250465,11.430568499534017,70.74200804813125,1.382832618025751
2013,ARDAHAN,102782,5254,7633,-2379,12887,51.11790002140452,74.26397618260006,-22.881270348124247,125.3818762040046,0.6883270011790907
2013,ARTVİN,169334,10053,8644,1409,18697,59.36787650442321,51.04704312187747,8.355596144209644,110.41491962630069,1.163003239241092
2013,AYDIN,1020957,34688,32338,2350,67026,33.97596568709554,31.674203712791037,2.304414080656454,65.65016939988658,1.0726699239285051
2013,AĞRI,551177,14725,28477,-13752,43202,26.715555982923817,51.66579882687412,-24.642820663987113,78.38135480979794,0.5170839624960495
2013,BALIKESİR,1162761,38710,39688,-978,78398,33.29145026363973,34.13255174537158,-0.8407479045776918,67.4240020090113,0.9753577907679903
2013,BARTIN,189139,7886,8133,-247,16019,41.694203733761945,43.00012160368829,-1.305065715606631,84.69432533745024,0.9696299028648715
2013,BATMAN,547581,18816,20209,-1393,39025,34.36203958866359,36.90595546594933,-2.540684233804962,71.26799505461292,0.9310703152060963
2013,BAYBURT,75620,4787,4677,110,9464,63.30335889976197,61.84871727056334,1.4557003903923775,125.15207617032532,1.0235193500106907
2013,BOLU,283496,13138,12401,737,25539,46.342805542229875,43.7431215960719,2.603067522582582,90.08592713830177,1.0594306910733005
2013,BURDUR,257267,11156,10001,1155,21157,43.36350950568864,38.87401026948656,4.499599710934806,82.2375197751752,1.1154884511548846
2013,BURSA,2740970,75518,61744,13774,137262,27.551560214084795,22.52633191899218,5.0378865601373475,50.07789213307698,1.2230824047680746
2013,BİLECİK,208888,10231,9202,1029,19433,48.97839990808472,44.05231511623454,4.938247905803761,93.03071502431925,1.1118235166268202
2013,BİNGÖL,265514,10968,10940,28,21908,41.30855623432286,41.20310040148542,0.10546139359698682,82.51165663580828,1.0025594149908592
2013,BİTLİS,337156,11314,16174,-4860,27488,33.55716641554651,47.97185872415143,-14.31154405658655,81.52902513969795,0.6995177445282552
2013,DENİZLİ,963464,27088,24039,3049,51127,28.115217589863242,24.950594936603753,3.169638007379882,53.065812526467,1.126835558883481
2013,DÜZCE,351509,12367,11306,1061,23673,35.182598454093636,32.16418356286752,3.0229771909105545,67.34678201696116,1.0938439766495667
2013,DİYARBAKIR,1607437,35466,47949,-12483,83415,22.06369518680981,29.829473876736692,-7.735741661055781,51.8931690635465,0.7396608896953013
2013,EDİRNE,398582,16255,17000,-745,33255,40.78207244682399,42.651198498677815,-1.8673808667404428,83.4332709455018,0.9561764705882353
2013,ELAZIĞ,568239,21433,21303,130,42736,37.71828403189503,37.489507056009884,0.22880314833132104,75.20779108790491,1.0061024268882317
2013,ERZURUM,766729,23398,39997,-16599,63395,30.516649298513556,52.16575869701029,-21.417276913042553,82.68240799552385,0.5849938745405906
2013,ERZİNCAN,219996,12662,12884,-222,25546,57.555591919853086,58.56470117638503,-1.0086003625509412,116.12029309623811,0.9827693262961813
2013,ESKİŞEHİR,799724,33893,28329,5564,62222,42.38087140063322,35.42347109752865,6.9816875004705485,77.80434249816187,1.1964065092308236
2013,GAZİANTEP,1844438,41978,42291,-313,84269,22.759236146728707,22.928935534835002,-0.16968499038677606,45.68817168156371,0.9925988981107091
2013,GÜMÜŞHANE,141412,16677,11162,5515,27839,117.93200011314457,78.93248097756909,39.77512450010638,196.86448109071367,1.4940870811682494
2013,GİRESUN,425007,23453,20170,3283,43623,55.18262052154435,47.45804186754571,7.754528888159285,102.64066238909007,1.1627664848785324
2013,HAKKARİ,273041,8007,10293,-2286,18300,29.325266168817137,37.69763515369487,-8.337466810608934,67.022901322512,0.7779073156514136
2013,HATAY,1503066,29067,39315,-10248,68382,19.338472162899034,26.15653604033356,-6.794899846836274,45.495008203232594,0.7393361312476154
2013,ISPARTA,417774,18730,19807,-1077,38537,44.832852211961495,47.410801055115925,-2.574630210667862,92.24365326707742,0.9456252839905084
2013,IĞDIR,190424,6882,9779,-2897,16661,36.140402470276854,51.353820946939464,-15.09856805951869,87.49422341721632,0.7037529399734124
2013,KAHRAMANMARAŞ,1075706,24560,29322,-4762,53882,22.831517161752373,27.258377288961853,-4.4170832224115495,50.089894450714226,0.8375963440420162
2013,KARABÜK,230251,13652,11676,1976,25328,59.29181632218753,50.709877481531024,8.618922372995206,110.00169380371855,1.1692360397396369
2013,KARAMAN,237939,8747,9445,-698,18192,36.76152291133442,39.6950478904257,-2.929228496609145,76.45657080176011,0.9260984647961885
2013,KARS,300874,11046,18072,-7026,29118,36.71304266902424,60.06501060244488,-23.082457529395146,96.77805327146912,0.6112217795484728
2013,KASTAMONU,368093,19911,15658,4253,35569,54.092308193853185,42.538162909916785,11.621282275836723,96.63047110376998,1.2716183420615659
2013,KAYSERİ,1295355,36580,33789,2791,70369,28.23936295455686,26.084741248538045,2.156945406714816,54.324104203094905,1.0826008464293113
2013,KIRIKKALE,274658,15089,17818,-2729,32907,54.93741307371349,64.87340619971019,-9.886875164162342,119.81081927342368,0.8468402738803458
2013,KIRKLARELİ,340559,14120,13297,823,27417,41.4612446007887,39.0446295649212,2.419538582526698,80.50587416570991,1.0618936602241107
2013,KIRŞEHİR,223498,11259,11346,-87,22605,50.37628972071339,50.76555494903757,-0.3891894793584189,101.14184466975097,0.9923320994182971
2013,KOCAELİ,1676202,71159,54742,16417,125901,42.45252063892061,32.65835501926379,9.842364493626624,75.1108756581844,1.2998977019473166
2013,KONYA,2079225,51080,55006,-3926,106086,24.566845819956956,26.45504935733266,-1.8864225624979578,51.021895177289615,0.9286259680762099
2013,KÜTAHYA,572059,17875,20915,-3040,38790,31.24677699328216,36.56091417144036,-5.3000545696408,67.80769116472251,0.8546497728902701
2013,KİLİS,128586,6566,6161,405,12727,51.06310173735866,47.91345869690324,3.1546109897299885,98.9765604342619,1.0657360818049018
2013,MALATYA,762538,25876,33194,-7318,59070,33.93404656554821,43.530945343051755,-9.551068458895037,77.46499190859997,0.7795384708079773
2013,MANİSA,1359463,36257,36989,-732,73246,26.670089586844217,27.208537488699584,-0.5383029778008852,53.8786270755438,0.9802103328016437
2013,MARDİN,779738,22596,29525,-6929,52121,28.978964729178262,37.865282954017886,-8.847009553723336,66.84424768319614,0.7653175275190517
2013,MERSİN,1705774,51468,55482,-4014,106950,30.172813045573445,32.52599699608506,-2.3504184670048445,62.69881004165851,0.9276522115280632
2013,MUĞLA,866665,35246,30687,4559,65933,40.66853974719182,35.40814501566349,5.274267094947798,76.07668476285531,1.1485645387297552
2013,MUŞ,412553,11070,20193,-9123,31263,26.83291601321527,48.94643839700596,-21.871692305110468,75.77935441022123,0.5482097756648343
2013,NEVŞEHİR,285460,10322,12147,-1825,22469,36.159181671687804,42.55237161073355,-6.372818619106234,78.71155328242135,0.8497571416810735
2013,NİĞDE,343658,14731,15493,-762,30224,42.865290492291756,45.082611200670435,-2.214865175169094,87.94790169296219,0.9508164977731879
2013,ORDU,731452,30792,46332,-15540,77124,42.097089077615486,63.34250231047287,-21.022101614941114,105.43959138808835,0.6645946645946645
2013,OSMANİYE,498981,17338,17605,-267,34943,34.74681400694616,35.281904521414646,-0.5349473918309325,70.0287185283608,0.9848338540187447
2013,RİZE,328205,16842,15859,983,32701,51.31548879511281,48.32040950015996,2.999571271857888,99.63589829527277,1.0619837316350338
2013,SAKARYA,917373,30770,27170,3600,57940,33.5414275327484,29.617178617639716,3.9319639176777823,63.15860615038812,1.132499079867501
2013,SAMSUN,1261810,38644,42504,-3860,81148,30.62584699756699,33.68494464301281,-3.054425752132559,64.31079164057981,0.9091850178806701
2013,SİNOP,204568,12085,9869,2216,21954,59.075710766102226,48.243126979781785,10.891575739703136,107.31883774588401,1.2245414935657108
2013,SİVAS,623824,26354,30244,-3890,56598,42.245889866372565,48.481623021877965,-6.21635140123592,90.72751288825053,0.8713794471630737
2013,SİİRT,314153,10866,13339,-2473,24205,34.58824203493202,42.460202512788356,-7.8410980707981714,77.04844454772038,0.8146037933878102
2013,TEKİRDAĞ,874475,45313,31681,13632,76994,51.817376139969696,36.22859429943681,15.711241397830253,88.0459704394065,1.430289447934093
2013,TOKAT,598708,26987,47071,-20084,74058,45.075395685375845,78.62096380873481,-32.99219712525667,123.69635949411065,0.5733254020522189
2013,TRABZON,758237,25115,29988,-4873,55103,33.12288901754992,39.54963949266522,-6.4061650629343605,72.67252851021514,0.8375016673336001
2013,TUNCELİ,85428,8458,5612,2846,14070,99.0073512197406,65.69274710867631,33.878935777632286,164.7000983284169,1.5071275837491092
2013,UŞAK,346508,10655,10493,162,21148,30.74965080171309,30.282129128331814,0.46763098719210683,61.031779930044905,1.0154388640045744
2013,VAN,1070113,32118,38507,-6389,70625,30.013652763773546,35.98405028254025,-5.952627741816768,65.9977030463138,0.8340821149401407
2013,YALOVA,220122,14670,9808,4862,24478,66.64486057731621,44.55710923942178,22.334409782673607,111.20196981673799,1.4957177814029363
2013,YOZGAT,444211,16688,26572,-9884,43260,37.567732451470135,59.81841962490798,-22.00586437138347,97.38615207637812,0.6280295047418335
2013,ZONGULDAK,601567,17006,25571,-8565,42577,28.26950281514777,42.507318386813104,-14.137174331248932,70.77682120196089,0.6650502522388644
2013,ÇANAKKALE,502328,24766,18238,6528,43004,49.3024478030291,36.30695481836569,13.080486671048202,85.60940262139479,1.3579339839894726
2013,ÇANKIRI,190909,22290,16991,5299,39281,116.75719845580879,89.00051857167551,28.14731793083483,205.7577170274843,1.3118709905243953
2013,ÇORUM,532080,17073,21460,-4387,38533,32.0872801082544,40.33228086002105,-8.211150281644139,72.41956096827545,0.7955731593662628
2013,İSTANBUL,14160467,437922,371601,66321,809523,30.92567497950456,26.242143002769613,4.694525456781164,57.16781798227417,1.1784736854852382
2013,İZMİR,4061074,113673,99681,13992,213354,27.99087138032944,24.545477378644172,3.4513396140873462,52.53634875897361,1.1403677731964967
2013,ŞANLIURFA,1801980,33383,47429,-14046,80812,18.525732805025584,26.32049190335076,-7.764497902988552,44.84622470837634,0.7038520736258407
2013,ŞIRNAK,475255,13031,13753,-722,26784,27.418964555870005,28.93814899369812,-1.5180313530242886,56.357113549568126,0.9475023631207736
2014,ADANA,2165595,51562,63181,-11619,114743,23.809622759564924,29.174891888834246,-5.350914580862295,52.98451464839917,0.8160997768316425
2014,ADIYAMAN,597835,16578,24330,-7752,40908,27.73005929729775,40.696847792451095,-12.883261233382804,68.42690708974884,0.6813810110974106
2014,AFYONKARAHİSAR,706371,21414,27100,-5686,48514,30.3155140853744,38.365108420362674,-8.017326223114603,68.68062250573708,0.7901845018450184
2014,AKSARAY,384252,11936,14577,-2641,26513,31.06294827352883,37.93604197245558,-6.8495548826744646,68.9989902459844,0.8188241750703162
2014,AMASYA,321913,12970,14817,-1847,27787,40.29038901815087,46.02796407725069,-5.721162260153359,86.31835309540155,0.8753458864817439
2014,ANKARA,5150072,203621,163612,40009,367233,39.53750549506881,31.768876240953524,7.798922723726345,71.30638173602233,1.2445358531159083
2014,ANTALYA,2222562,93057,64631,28426,157688,41.86924819195145,29.07950374387756,12.872059624633607,70.94875193582901,1.4398199006668626
2014,ARDAHAN,100809,5323,8033,-2710,13356,52.802825144580346,79.68534555446438,-26.52597783955209,132.48817069904473,0.6626416033860326
2014,ARTVİN,169674,9551,10187,-636,19738,56.2902978653182,60.0386623760859,-3.7413525342369054,116.3289602414041,0.9375674879748699
2014,AYDIN,1041979,45842,32396,13446,78238,43.99512850067036,31.09083772321707,12.988091834290262,75.08596622388743,1.4150512408939375
2014,AĞRI,549435,14480,30995,-16515,45475,26.354345827986933,56.4124964736502,-29.6130932368644,82.76684230163714,0.46717212453621554
2014,BALIKESİR,1189057,57551,39918,17633,97469,48.40053925085172,33.57114082840436,14.940175328672419,81.97168007925609,1.4417305476226263
2014,BARTIN,189405,7794,8903,-1109,16697,41.14991684485626,47.0050949024577,-5.838086539499209,88.15501174731396,0.875435246546108
2014,BATMAN,557593,18543,21515,-2972,40058,33.2554390030004,38.5854915682227,-5.315885590408511,71.8409305712231,0.8618638159423658
2014,BAYBURT,80607,8912,5583,3329,14495,110.56111752081085,69.26197476645949,42.16993381258511,179.82309228727033,1.5962744044420563
2014,BOLU,284789,13264,13065,199,26329,46.57483259536007,45.876069651566596,0.6990071639452807,92.45090224692667,1.0152315346345198
2014,BURDUR,256898,10235,12271,-2036,22506,39.84071499194233,47.76603943977766,-7.894043021759022,87.60675443171998,0.8340803520495477
2014,BURSA,2787539,80717,65027,15690,145744,28.956366171020388,23.327745369661194,5.644506193847237,52.284111540681586,1.241284389561259
2014,BİLECİK,209925,10090,10114,-24,20204,48.064785042277,48.179111587471716,-0.11432001028880093,96.24389662974872,0.9976270516116275
2014,BİNGÖL,266019,9400,12852,-3452,22252,35.335821877384696,48.312338592356184,-12.892864479261984,83.64816046974089,0.7314036725801432
2014,BİTLİS,338023,11447,17470,-6023,28917,33.86455951222254,51.68287365060957,-17.660969784581912,85.54743316283212,0.6552375500858615
2014,DENİZLİ,978700,28279,24771,3508,53050,28.894451823847962,25.310105241647083,3.5907818855904012,54.204557065495045,1.141617213677284
2014,DÜZCE,355549,11980,12249,-269,24229,33.69437123996974,34.45094768934802,-0.7562903536430563,68.14531892931775,0.9780390235937627
2014,DİYARBAKIR,1635048,36920,48019,-11099,84939,22.580376845205766,29.36855676408277,-6.765218159847251,51.94893360928854,0.768862325329557
2014,EDİRNE,400280,16431,17108,-677,33539,41.04876586389528,42.74008194264015,-1.6898870122073744,83.78884780653543,0.9604278700023381
2014,ELAZIĞ,568753,19724,24162,-4438,43886,34.67937751537135,42.4824132795783,-7.772710395606089,77.16179079494965,0.8163231520569489
2014,ERZURUM,763320,27994,45209,-17215,73203,36.674003039354396,59.22679872137505,-22.301317157375532,95.90080176072945,0.6192129885642239
2014,ERZİNCAN,223633,15450,13641,1809,29091,69.08640495812335,60.997258901861535,8.121996062470677,130.08366385998488,1.1326149109302837
2014,ESKİŞEHİR,812320,35927,27977,7950,63904,44.227644278117,34.44086074453418,9.834909599242897,78.66850502265117,1.2841619902062409
2014,GAZİANTEP,1889466,46438,44415,2023,90853,24.577314436989074,23.506641559043665,1.0712463551544398,48.08395599603274,1.0455476753349093
2014,GÜMÜŞHANE,146353,18811,16071,2740,34882,128.53170075092413,109.80984332401796,18.898767441700063,238.34154407494208,1.170493435380499
2014,GİRESUN,429984,26857,23620,3237,50477,62.46046364515889,54.93227654982511,7.556630961176846,117.392740194984,1.1370448772226927
2014,HAKKARİ,276287,7187,10897,-3710,18084,26.012805524689906,39.44087126792068,-13.338510544973431,65.45367679261058,0.6595393227493805
2014,HATAY,1519836,32678,39181,-6503,71859,21.501004055700747,25.77975518411197,-4.269616814529697,47.28075923981272,0.8340266966131543
2014,ISPARTA,418780,17966,19930,-1964,37896,42.90080710635656,47.59062037346578,-4.6788418198884125,90.49142747982233,0.9014550928248871
2014,IĞDIR,192056,7407,9453,-2046,16860,38.566876327737745,49.22001916107802,-10.596698760610941,87.78689548881576,0.7835607743573468
2014,KAHRAMANMARAŞ,1089038,27619,30903,-3284,58522,25.360914862474957,28.376420290201075,-3.010965636116918,53.73733515267603,0.8937320001294373
2014,KARABÜK,231333,13438,13195,243,26633,58.08942087812807,57.03898708787765,1.0509857857416263,115.12840796600571,1.0184160666919289
2014,KARAMAN,240362,8673,9788,-1115,18461,36.08307469566737,40.72191111739792,-4.62810191786053,76.80498581306529,0.8860850020433183
2014,KARS,296466,10280,20020,-9740,30300,34.67513981367172,67.5288228667031,-32.322722807762766,102.20396268037481,0.5134865134865135
2014,KASTAMONU,368907,17539,18163,-624,35702,47.543147730999955,49.23463095034792,-1.690053870467121,96.77777868134787,0.9656444419974674
2014,KAYSERİ,1322376,40957,33374,7583,74331,30.972280198672692,25.23790510414587,5.750863899886583,56.210185302818566,1.227212800383532
2014,KIRIKKALE,271092,13306,18744,-5438,32050,49.082968143656025,69.142578903103,-19.860414665590497,118.22554704675903,0.7098804950917627
2014,KIRKLARELİ,343723,14553,13678,875,28231,42.33932556157138,39.79367106652741,2.548898802891471,82.1329966280988,1.063971340839304
2014,KIRŞEHİR,222707,10648,12199,-1551,22847,47.811698779113364,54.77600614259992,-6.940140726902554,102.58770492171328,0.872858431018936
2014,KOCAELİ,1722795,79697,55060,24637,134757,46.26029214154905,31.959693405193306,14.40358870759113,78.21998554674236,1.4474573192880493
2014,KONYA,2108808,55798,55453,345,111251,26.45949749811268,26.29589796700316,0.16361291460757443,52.75539546511584,1.0062214848610536
2014,KÜTAHYA,571554,18734,21860,-3126,40594,32.777305381468764,38.24660487023098,-5.454383659880967,71.02391025169975,0.8569990850869167
2014,KİLİS,128781,5759,7451,-1692,13210,44.71932971478712,57.85791382269124,-13.052836214677498,102.57724353747835,0.7729163870621393
2014,MALATYA,769544,29285,31476,-2191,60761,38.05500400237023,40.90214464669987,-2.8430933010830617,78.95714864907009,0.9303914093277418
2014,MANİSA,1367905,35570,38432,-2862,74002,26.003267770788177,28.095518329123735,-2.090064089456496,54.09878609991191,0.9255308076602831
2014,MARDİN,788996,22207,30796,-8589,53003,28.14589681063022,39.03188355834504,-10.827055158230182,67.17778036897525,0.7211001428756981
2014,MERSİN,1727255,55598,54843,755,110441,32.188646146631505,31.751536397347238,0.4372053026343791,63.94018254397874,1.0137665700271685
2014,MUĞLA,894509,48219,29671,18548,77890,53.905550419280296,33.170152564144125,20.952628398108978,87.07570298342442,1.6251221731657173
2014,MUŞ,411216,12077,22688,-10611,34765,29.368993424380374,55.17295046885335,-25.475275586014167,84.54194389323372,0.5323078279266573
2014,NEVŞEHİR,286250,10164,13165,-3001,23329,35.507423580786025,45.99126637554585,-10.42917388501497,81.49868995633187,0.7720470945689327
2014,NİĞDE,343898,13785,17946,-4161,31731,40.084559956731354,52.18407783703307,-12.02675888819681,92.26863779376443,0.7681377465730524
2014,ORDU,724268,28555,39937,-11382,68492,39.42601357508546,55.14119082991379,-15.592656573862367,94.56720440499926,0.7150011267746701
2014,OSMANİYE,506807,17880,18214,-334,36094,35.27970213513231,35.93873012803691,-0.6588109054902224,71.21843226316922,0.981662457450313
2014,RİZE,329779,17311,17932,-621,35243,52.49272997977433,54.375809254076216,-1.8813079482988704,106.86853923385056,0.9653691724291769
2014,SAKARYA,932706,32701,28311,4390,61012,35.06035127896679,30.35361625206657,4.71783783319058,65.41396753103336,1.155063402917594
2014,SAMSUN,1269989,41057,44519,-3462,85576,32.32862646841823,35.05463433147846,-2.72229736105432,67.38326079989669,0.9222354500325703
2014,SİNOP,204526,10783,11950,-1167,22733,52.72190332769428,58.42777935323626,-5.689643824396237,111.14968268093054,0.9023430962343096
2014,SİVAS,623116,29726,34855,-5129,64581,47.70540316730753,55.93661533326058,-8.19747458966677,103.64201850056811,0.8528475111174867
2014,SİİRT,318366,10551,14366,-3815,24917,33.141101750815096,45.12416526890434,-11.911694223843059,78.26526701971945,0.7344424335235974
2014,TEKİRDAĞ,906732,52994,31266,21728,84260,58.44505322410591,34.48207408583793,24.253573071032786,92.92712730994384,1.6949401906224013
2014,TOKAT,597920,35891,38737,-2846,74628,60.026424939791276,64.78625903130853,-4.748532976943086,124.81268397109982,0.9265301907736789
2014,TRABZON,766782,31847,29741,2106,61588,41.53331716185304,38.78677381576511,2.7503202830244122,80.32009097761815,1.0708113378837296
2014,TUNCELİ,86527,7286,6810,476,14096,84.20493025298462,78.70375720873254,5.516346231848787,162.90868746171716,1.0698972099853157
2014,UŞAK,349459,10190,10895,-705,21085,29.159357750122332,31.176761794659747,-2.0153711355973147,60.33611954478208,0.9352914180816888
2014,VAN,1085542,27587,44435,-16848,72022,25.413111606920783,40.93346917945137,-15.400844267554934,66.34658078637216,0.6208394283785305
2014,YALOVA,226514,14680,11064,3616,25744,64.80835621639281,48.844663023036105,16.092138171655407,113.65301923942891,1.326825741142444
2014,YOZGAT,432560,16200,27722,-11522,43922,37.451451821712595,64.08821897540226,-26.286671183904033,101.53967079711485,0.5843734218310367
2014,ZONGULDAK,598796,18115,24783,-6668,42898,30.25237309534466,41.38805202439562,-11.074020560344112,71.64042511974029,0.7309445991203648
2014,ÇANAKKALE,511790,27429,20540,6889,47969,53.59424764063385,40.133648566794974,13.551806792821024,93.72789620742883,1.3353943524829601
2014,ÇANKIRI,183550,14519,23080,-8561,37599,79.10106238082267,125.74230454916916,-45.578327268468115,204.84336692999182,0.6290727902946274
2014,ÇORUM,527220,15875,24652,-8777,40527,30.11076969765942,46.75846895034331,-16.510270245867023,76.86923864800274,0.6439639785818595
2014,İSTANBUL,14377018,438998,424662,14336,863660,30.534704762837467,29.537557788409252,0.9976443734624927,60.072262551246716,1.033758612732008
2014,İZMİR,4113072,124439,101447,22992,225886,30.25451535980892,24.66453298167404,5.605650120831602,54.91904834148296,1.226640511794336
2014,ŞANLIURFA,1845667,35670,49030,-13360,84700,19.32634651862985,26.564922057987708,-7.212471529362479,45.891268576617556,0.7275137670813787
2014,ŞIRNAK,488966,12749,16142,-3393,28891,26.07338751569639,33.01252029793483,-6.915140244057779,59.085907813631216,0.789802998389295
2015,ADANA,2183167,52647,64192,-11545,116839,24.114966926487988,29.40315605723245,-5.274243532084829,53.51812298372044,0.8201489282153539
2015,ADIYAMAN,602774,18523,24064,-5541,42587,30.729593512659804,39.92209352095479,-9.15044228789131,70.65168703361459,0.7697390292553191
2015,AFYONKARAHİSAR,709015,22922,26226,-3304,49148,32.329358335155106,36.989344372121884,-4.649153541672823,69.318702707277,0.8740181499275528
2015,AKSARAY,386514,12205,14164,-1959,26369,31.577122691545455,36.64550313830806,-5.055568674055178,68.22262582985351,0.8616916125388309
2015,AMASYA,322167,13957,15092,-1135,29049,43.32225212389847,46.84526968932262,-3.5168226514363976,90.1675218132211,0.9247945931619401
2015,ANKARA,5270575,204048,153001,51047,357049,38.714561504200205,29.029280486474438,9.732411588332354,67.74384199067464,1.3336383422330573
2015,ANTALYA,2288456,96441,68374,28067,164815,42.14238770594672,29.877786594979323,12.340275388587653,72.02017430092604,1.4104922923918448
2015,ARDAHAN,99265,5630,7802,-2172,13432,56.71686898705485,78.59769304387247,-21.64402945660731,135.3145620309273,0.7216098436298385
2015,ARTVİN,168370,9050,10969,-1919,20019,53.75066817128942,65.14818554374294,-11.33293371798771,118.89885371503237,0.8250524204576534
2015,AYDIN,1053506,42743,37689,5054,80432,40.57214671772159,35.774831847184544,4.808849653513533,76.34697856490614,1.1340974820239327
2015,AĞRI,547210,16597,32174,-15577,48771,30.330220573454433,58.79644012353575,-28.066742522727537,89.12666069699019,0.515851308509977
2015,BALIKESİR,1186688,43296,48892,-5596,92188,36.48473735303635,41.200382914464456,-4.704553059052397,77.6851202675008,0.8855436472224495
2015,BARTIN,190708,8872,8113,759,16985,46.52138347630933,42.54147702246366,3.987842073047389,89.06286049877299,1.0935535560212006
2015,BATMAN,566633,18872,23216,-4344,42088,33.30550815077837,40.971845974378475,-7.637063668568314,74.27735412515685,0.8128876636802206
2015,BAYBURT,78550,7150,9281,-2131,16431,91.0248249522597,118.15404201145768,-26.76614478336505,209.17886696371738,0.7703911216463744
2015,BOLU,291095,14681,12401,2280,27082,50.43370720898676,42.60121266253285,7.8632891310720625,93.0349198715196,1.18385614063382
2015,BURDUR,258339,12537,12247,290,24784,48.52925806788754,47.406702046535756,1.1231864412031263,95.9359601144233,1.0236792683922593
2015,BURSA,2842547,84253,64558,19695,148811,29.639967254719096,22.71132192361287,6.952731837598729,52.35128917833197,1.3050745066451872
2015,BİLECİK,212361,10890,9806,1084,20696,51.280602370491756,46.17608694628486,5.117576799059575,97.45668931677662,1.1105445645523149
2015,BİNGÖL,267184,9906,13122,-3216,23028,37.075573387628005,49.1122222887598,-11.964641804815619,86.18779567638781,0.7549154092363969
2015,BİTLİS,340449,11936,18801,-6865,30737,35.05958307999142,55.224130486504585,-19.96327223185894,90.283713566496,0.6348598478804319
2015,DENİZLİ,993442,30185,24961,5224,55146,30.3842599769287,25.125774831343954,5.272347425895461,55.51003480827265,1.2092864869195945
2015,DÜZCE,360388,13434,12088,1346,25522,37.2764908931485,33.5416273571817,3.7418511877458545,70.8181182503302,1.1113500992720053
2015,DİYARBAKIR,1654196,36124,56025,-19901,92149,21.837799148347596,33.868417043687685,-11.958682724147183,55.706216192035285,0.6447835787594823
2015,EDİRNE,402537,18779,17458,1321,36237,46.65161214993901,43.36992624280501,3.287079488350277,90.02153839274402,1.0756673158437393
2015,ELAZIĞ,574304,22170,21699,471,43869,38.60324845378057,37.78312531342286,0.8204595793010765,76.38637376720344,1.02170606940412
2015,ERZURUM,762321,29624,41803,-12179,71427,38.860270148664405,54.83647964571355,-15.849601222263361,93.69674979437796,0.7086572734014305
2015,ERZİNCAN,222918,14062,16766,-2704,30828,63.081491849020715,75.21151275356857,-12.056895706068579,138.2930046025893,0.8387212215197424
2015,ESKİŞEHİR,826716,36041,28298,7743,64339,43.5953822110616,34.22940889011462,9.410040414683454,77.82479110117622,1.2736235776379956
2015,GAZİANTEP,1931836,46435,48858,-2423,95293,24.036719473081565,25.290966728024532,-1.2534611798209823,49.3276862011061,0.9504073027958574
2015,GÜMÜŞHANE,151449,20437,17737,2700,38174,134.94311616451742,117.11533255419316,17.988127835628486,252.0584487187106,1.15222416417658
2015,GİRESUN,426686,22308,26942,-4634,49250,52.28200597160441,63.142451357672854,-10.801789264876936,115.42445732927727,0.8280008908024645
2015,HAKKARİ,278775,8216,12983,-4767,21199,29.471796251457267,46.57160792754013,-16.95484931097584,76.0434041789974,0.6328275437110067
2015,HATAY,1533507,32868,41519,-8651,74387,21.43322462825406,27.07454220945845,-5.625450105912055,48.50776683771251,0.791637563525133
2015,ISPARTA,421766,19042,18659,383,37701,45.14825756462114,44.240171090130545,0.9084989723050138,89.38842865475169,1.0205262875824
2015,IĞDIR,192435,7321,10589,-3268,17910,38.04401486216125,55.02637254137761,-16.83937156372218,93.07038740353886,0.6913778449334215
2015,KAHRAMANMARAŞ,1096610,26856,32272,-5416,59128,24.490019241115803,29.42887626412307,-4.9266909120018045,53.91889550523887,0.8321764997521071
2015,KARABÜK,236978,17017,12567,4450,29584,71.8083535180481,53.03023909392433,18.956094277815406,124.83859261197242,1.3541020132091988
2015,KARAMAN,242196,9195,9865,-670,19060,37.96511915968885,40.73147368247205,-2.7625334493322504,78.6965928421609,0.9320831221490117
2015,KARS,292660,11328,19809,-8481,31137,38.707032050843985,67.68605207407914,-28.565125353443324,106.39308412492312,0.5718612751779494
2015,KASTAMONU,372633,21601,18092,3509,39693,57.9685642441759,48.55179224599002,9.461319542653456,106.52035649016592,1.1939531284545655
2015,KAYSERİ,1341056,37832,36087,1745,73919,28.210604180586046,26.90939080843753,1.3020605014164106,55.119994989023574,1.0483553634272729
2015,KIRIKKALE,270271,12585,15204,-2619,27789,46.564374276189454,56.2546481124501,-9.6435495184669,102.81902238863955,0.8277426992896606
2015,KIRKLARELİ,346973,16098,13816,2282,29914,46.39554086341012,39.818660241574996,6.598579657174582,86.21420110498511,1.1651708164447019
2015,KIRŞEHİR,225562,11928,11544,384,23472,52.88124772789743,51.17883331412206,1.7038647557350135,104.06008104201949,1.0332640332640333
2015,KOCAELİ,1780055,87158,56927,30231,144085,48.96365561738261,31.98047251348975,17.128632454540227,80.94412813087236,1.5310485358441512
2015,KONYA,2130544,56817,57056,-239,113873,26.667836946807952,26.780014869441796,-0.1121716310435693,53.447851816249745,0.9958111329220415
2015,KÜTAHYA,571463,19447,22337,-2890,41784,34.03019968046925,39.08739498445219,-5.04443994498244,73.11759466492144,0.8706182567041232
2015,KİLİS,130655,6776,6593,183,13369,51.86177337262256,50.46113811182121,1.4016168377839135,102.32291148444376,1.027756711663886
2015,MALATYA,772904,26925,31368,-4443,58293,34.836150414540484,40.584600416093075,-5.731975015658755,75.42075083063357,0.8583588370313695
2015,MANİSA,1380366,39558,36736,2822,76294,28.65761689291101,26.61323156322309,2.046477223694754,55.2708484561341,1.0768183797909407
2015,MARDİN,796591,24255,34592,-10337,58847,30.448498664935958,43.42504497289073,-12.892893691936298,73.87354363782669,0.7011736817761333
2015,MERSİN,1745221,56171,58404,-2233,114575,32.185608584815334,33.465102700460285,-1.2786760863807827,65.65071128527562,0.9617663173755222
2015,MUĞLA,908877,42112,37663,4449,79775,46.33410241429809,41.439050608608206,4.907061966960881,87.77315302290629,1.1181265432918248
2015,MUŞ,408728,12752,23855,-11103,36607,31.19923274157875,58.363997572958056,-26.80074683878879,89.56323031453681,0.5345629846992245
2015,NEVŞEHİR,286767,11144,11955,-811,23099,38.86081731858965,41.688897258052705,-2.8240865681776635,80.54971457664236,0.9321622751986617
2015,NİĞDE,346114,13878,15959,-2081,29837,40.09661556596959,46.10908544583577,-5.994449157363652,86.20570101180536,0.869603358606429
2015,ORDU,728949,29835,32600,-2765,62435,40.92878925686159,44.721921561041995,-3.785951995771783,85.65071081790359,0.9151840490797546
2015,OSMANİYE,512873,18567,19303,-736,37870,36.20194473095679,37.63699785326972,-1.4340241718802669,73.8389425842265,0.9618712117287468
2015,RİZE,328979,15514,18936,-3422,34450,47.15802528428866,57.5599050395314,-10.348060116725634,104.71793032382006,0.8192860160540769
2015,SAKARYA,953181,35943,28492,7451,64435,37.70847299725865,29.89148965411606,7.847655840637081,67.59996265137471,1.2615120033693668
2015,SAMSUN,1279884,41718,44627,-2909,86345,32.59514143469252,34.868003662831946,-2.2702822087996264,67.46314509752446,0.9348152463755126
2015,SİNOP,204133,10059,11274,-1215,21333,49.27669705535117,55.22869893647769,-5.934341275907795,104.50539599182886,0.8922299095263438
2015,SİVAS,618617,25319,33501,-8182,58820,40.92839349710726,54.15467082217268,-13.13938475176166,95.08306431927994,0.7557684845228501
2015,SİİRT,320351,10505,16166,-5661,26671,32.79215610377367,50.46339796036223,-17.51647294167519,83.25555406413591,0.6498206111592231
2015,TEKİRDAĞ,937910,54482,33937,20545,88419,58.088729195765055,36.18364235374396,22.14766005039684,94.27237154950902,1.605386451365766
2015,TOKAT,593990,34586,40805,-6219,75391,58.226569470866515,68.69644270105557,-10.41534953554642,126.92301217192208,0.8475922068373973
2015,TRABZON,768417,27314,32454,-5140,59768,35.545803905952106,42.23488027984805,-6.666779076690009,77.78068418580015,0.841621988044617
2015,TUNCELİ,86076,6996,8133,-1137,15129,81.27701101352294,94.48626794925414,-13.122587123244983,175.7632789627771,0.8601991884913316
2015,UŞAK,353048,11044,11001,43,22045,31.281865355419093,31.160068885817225,0.1218038872435922,62.44193424123632,1.0039087355694938
2015,VAN,1096397,30492,48061,-17569,78553,27.811093974171765,43.835399038851804,-15.89693638556201,71.64649301302357,0.634443727762635
2015,YALOVA,233009,13834,11497,2337,25331,59.371097253754144,49.341441746885316,10.080206003696507,108.71253900063947,1.2032704183700096
2015,YOZGAT,419440,14933,26804,-11871,41737,35.602231546824335,63.90425329010109,-27.907107955206634,99.50648483692542,0.5571183405461871
2015,ZONGULDAK,595907,18244,25340,-7096,43584,30.6155155082924,42.52341388840876,-11.837418988914932,73.13892939670116,0.7199684293606946
2015,ÇANAKKALE,513341,25096,23005,2091,48101,48.887581549106734,44.81426576096591,4.081628669391006,93.70184731007264,1.0908932840686807
2015,ÇANKIRI,180945,12702,16148,-3446,28850,70.1981265025284,89.24258752659648,-18.86482580419121,159.44071402912488,0.7865989596234828
2015,ÇORUM,525180,16286,22636,-6350,38922,31.01032027114513,43.101412848927986,-12.01843457523824,74.11173312007311,0.7194734051952641
2015,İSTANBUL,14657434,453407,402864,50543,856271,30.933586328957716,27.485301997607493,3.4542399320674577,58.41888832656521,1.1254592120417808
2015,İZMİR,4168415,126238,105389,20849,231627,30.284412660447675,25.28275135753038,5.0142009703966375,55.56716401797806,1.1978289954359562
2015,ŞANLIURFA,1892320,40135,50580,-10445,90715,21.209414898114485,26.72909444491418,-5.504488041769815,47.93850934302866,0.7934954527481218
2015,ŞIRNAK,490184,11554,23615,-12061,35169,23.570740783052894,48.175787051392945,-24.306020884113625,71.74652783444584,0.489265297480415
2016,ADANA,2201670,51466,60759,-9293,112225,23.375891936575417,27.59677880881331,-4.211997689361431,50.972670745388726,0.8470514656264916
2016,ADIYAMAN,610484,18789,21201,-2412,39990,30.77721938658507,34.72818288439992,-3.943173829881149,65.50540227098499,0.8862317815197396
2016,AFYONKARAHİSAR,714523,22467,24400,-1933,46867,31.443354517629242,34.14865581653775,-2.7016469144550688,65.59201033416699,0.9207786885245902
2016,AKSARAY,396673,15234,12294,2940,27528,38.40442883685051,30.99278246817908,7.439214783288588,69.39721130502959,1.2391410444119082
2016,AMASYA,326351,15395,13609,1786,29004,47.1731356729411,41.700500381491096,5.48765124839457,88.8736360544322,1.1312366816077595
2016,ANKARA,5346518,177166,159915,17251,337081,33.136706918409324,29.910120942265603,3.2317998161259336,63.04682786067493,1.107876059156427
2016,ANTALYA,2328555,79203,73119,6084,152322,34.01379825685887,31.40101908694448,2.6161969423520746,65.41481734380335,1.0832068272268494
2016,ARDAHAN,98335,5164,6880,-1716,12044,52.514364163319264,69.96491584888392,-17.299607835230308,122.47928001220318,0.7505813953488372
2016,ARTVİN,168068,8240,9283,-1043,17523,49.027774472237425,55.233595925458744,-6.186624908431426,104.26137039769617,0.8876440805773995
2016,AYDIN,1068260,40363,33119,7244,73482,37.78387283994533,31.00275213899238,6.80419072022603,68.78662497893771,1.2187264108215827
2016,AĞRI,542255,14306,30811,-16505,45117,26.38242155443472,56.82013075029276,-29.98142622943375,83.20255230472748,0.46431469280451787
2016,BALIKESİR,1196176,43475,38566,4909,82041,36.344986022123834,32.241074891989136,4.112349488553234,68.58606091411298,1.1272882850178914
2016,BARTIN,192389,8940,8108,832,17048,46.46835318027538,42.14378160913566,4.333942794038745,88.61213478941103,1.1026147015293537
2016,BATMAN,576899,18757,21489,-2732,40246,32.51349022965892,37.249154531382445,-4.724477531927404,69.76264476104136,0.8728651868397785
2016,BAYBURT,90154,16981,6653,10328,23634,188.3554806220467,73.79594915367039,121.52017884456995,262.15142977571713,2.552382383886968
2016,BOLU,299896,18528,11762,6766,30290,61.7814175580868,39.22026302451516,22.81856107489385,101.00168058260196,1.575242305730318
2016,BURDUR,261401,12337,11059,1278,23396,47.1956878512324,42.306647640980714,4.9010208542655755,89.5023354922131,1.115561985712994
2016,BURSA,2901396,84458,63812,20646,148270,29.10943559583042,21.993550690770924,7.141293215356375,51.10298628660134,1.3235441609728578
2016,BİLECİK,218297,11031,9911,1120,20942,50.53207327631621,45.40144848532046,5.143820296963768,95.93352176163667,1.1130057511855513
2016,BİNGÖL,269560,10304,11205,-901,21509,38.225255972696246,41.56774002077459,-3.336907268421043,79.79299599347084,0.9195894689870594
2016,BİTLİS,341225,12571,18074,-5503,30645,36.8407941973771,52.96798300241776,-15.998185922584828,89.80877719979486,0.6955294898749586
2016,DENİZLİ,1005687,28170,24794,3376,52964,28.010703131292342,24.653793874237213,3.3625531499533365,52.664497005529554,1.1361619746712914
2016,DÜZCE,370371,15958,11119,4839,27077,43.08652675290452,30.02124896387676,13.151189762781236,73.10777571678128,1.4352010072848278
2016,DİYARBAKIR,1673119,39177,55604,-16427,94781,23.415549043433252,33.23373890321011,-9.77022688849469,56.64928794664336,0.7045716135529818
2016,EDİRNE,401701,16623,17190,-567,33813,41.381525064662526,42.79302267109119,-1.410502146227031,84.1745477357537,0.9670157068062827
2016,ELAZIĞ,578789,18990,20519,-1529,39509,32.80988408556486,35.4516067167828,-2.6382378848544614,68.26149080234767,0.9254836980359666
2016,ERZURUM,762021,26957,36340,-9383,63297,35.37566550003215,47.688974450835346,-12.237964034758791,83.0646399508675,0.7417996697853605
2016,ERZİNCAN,226032,12666,12748,-82,25414,56.036313442344444,56.39909393360232,-0.36271469834964815,112.43540737594677,0.9935676184499529
2016,ESKİŞEHİR,844842,36687,25785,10902,62472,43.42468769308344,30.520499691066494,12.987987719668189,73.94518738414993,1.422803955788249
2016,GAZİANTEP,1974244,45726,50003,-4277,95729,23.1612708459542,25.327669730793154,-2.1640547819058304,48.48894057674735,0.9144651320920745
2016,GÜMÜŞHANE,172034,26681,18343,8338,45024,155.09143541392982,106.62427194624318,49.67086647008012,261.715707360173,1.4545603227389194
2016,GİRESUN,444467,35376,20284,15092,55660,79.59196070799408,45.63668393829013,34.54171349053948,125.2286446462842,1.7440347071583515
2016,HAKKARİ,267813,5945,16067,-10122,22012,22.198324950618527,59.99335357133522,-37.094043404648296,82.19167852195375,0.3700130702682517
2016,HATAY,1555165,34195,37627,-3432,71822,21.988020563734395,24.194860352438486,-2.2044074017217756,46.182880916172884,0.9087889015866266
2016,ISPARTA,427324,19899,17240,2659,37139,46.56653967481349,40.344094878827306,6.241864625012764,86.91063455364079,1.1542343387470997
2016,IĞDIR,192785,6721,9368,-2647,16089,34.86267085094795,48.59299219337604,-13.636703184043975,83.45566304432398,0.7174423569598634
2016,KAHRAMANMARAŞ,1112634,27307,28971,-1664,56278,24.542661827698957,26.038212026596348,-1.4944326993370252,50.580873854295305,0.9425632529080805
2016,KARABÜK,242347,16719,13416,3303,30135,68.98785625569947,55.35863864623866,13.722732664299913,124.34649490193813,1.2461985688729875
2016,KARAMAN,245610,9519,9813,-294,19332,38.756565286429705,39.95358495175278,-1.1963036658162332,78.71015023818248,0.9700397431977988
2016,KARS,289786,10209,16590,-6381,26799,35.229445176785624,57.24914247065075,-21.779903848943515,92.47858764743638,0.615370705244123
2016,KASTAMONU,376945,20577,18898,1679,39475,54.58886574964517,50.1346350263301,4.464172951472393,104.72350077597528,1.0888453804635412
2016,KAYSERİ,1358980,35573,35540,33,71113,26.17624983443465,26.151966916363744,0.02428321290454085,52.32821675079839,1.000928531232414
2016,KIRIKKALE,277984,14776,13300,1476,28076,53.154138367675834,47.84448025785657,5.323791867150473,100.9986186255324,1.1109774436090225
2016,KIRKLARELİ,351684,16882,13175,3707,30057,48.00332116331707,37.46260847806553,10.596560334219001,85.4659296413826,1.2813662239089183
2016,KIRŞEHİR,229975,12188,11362,826,23550,52.997064898358516,49.40537014892923,3.5981564893144338,102.40243504728775,1.0726984685794754
2016,KOCAELİ,1830772,85602,60479,25123,146081,46.75732423261881,33.034697930709015,13.817432030009726,79.79202216332781,1.4154003869111593
2016,KONYA,2161303,56500,54712,1788,111212,26.141637706513155,25.314358976968986,0.8276210661962619,51.45599668348214,1.0326802164059072
2016,KÜTAHYA,573642,18382,20691,-2309,39073,32.04437610914124,36.06953465750416,-4.017073868751811,68.1139107666454,0.8884055869701802
2016,KİLİS,130825,5740,8043,-2303,13783,43.87540607682018,61.47907510032486,-17.450076339348293,105.35448117714505,0.7136640557006092
2016,MALATYA,781305,27777,27613,164,55390,35.552057135177684,35.34215191250536,0.20992725508593577,70.89420904768305,1.0059392315213849
2016,MANİSA,1396945,39999,35685,4314,75684,28.63319600986438,25.545028616015664,3.0929431569528845,54.17822462588005,1.1208911307271963
2016,MARDİN,796237,21439,38823,-17384,60262,26.925400351905274,48.75809589355933,-21.59693587881664,75.68349624546461,0.5522241969966257
2016,MERSİN,1773852,54962,52763,2199,107725,30.984546625084842,29.74487161273883,1.2404438859908533,60.72941823782367,1.0416769326990505
2016,MUĞLA,923773,39076,31520,7556,70596,42.30043528009587,34.12093663703096,8.213088114609318,76.42137191712682,1.2397208121827412
2016,MUŞ,406501,11309,21683,-10374,32992,27.820349765437232,53.340582187989696,-25.198694156740057,81.16093195342692,0.5215606696490338
2016,NEVŞEHİR,290895,11703,11091,612,22794,40.231011189604494,38.12715928427783,2.106067332211474,78.35817047388232,1.0551798755747903
2016,NİĞDE,351468,14823,13589,1234,28412,42.17453651541534,38.663548317343256,3.517162556184819,80.8380848327586,1.0908087423651482
2016,ORDU,750588,42995,27229,15766,70224,57.2817577685761,36.276892249809485,21.227809157067746,93.55865001838559,1.5790150207499358
2016,OSMANİYE,522175,19558,17683,1875,37241,37.45487623880883,33.864126011394646,3.5972085661526654,71.31900225020348,1.1060340439970593
2016,RİZE,331048,15006,15604,-598,30610,45.328774075058604,47.135158647688556,-1.8047545322577239,92.46393272274716,0.96167649320687
2016,SAKARYA,976948,35228,28965,6263,64193,36.05923754386109,29.64845621261316,6.431396469458055,65.70769375647424,1.2162264802347662
2016,SAMSUN,1295927,41687,41187,500,82874,32.16770697732203,31.7818827758045,0.38589864603601054,63.949589753126524,1.0121397528346323
2016,SİNOP,205478,10190,9784,406,19974,49.59168378123206,47.61580315167561,1.9778346121057118,97.20748693290766,1.0414963205233034
2016,SİVAS,621224,22966,26369,-3403,49335,36.968951618095886,42.446846870050095,-5.462932565772311,79.41579848814598,0.8709469452766506
2016,SİİRT,322664,10775,15068,-4293,25843,33.39387102372747,46.69873304738056,-13.21693726034103,80.09260407110803,0.7150915848155031
2016,TEKİRDAĞ,972875,56536,32290,24246,88826,58.112296029808554,33.19028652190672,25.236481422885408,91.30258255171528,1.7508826262000619
2016,TOKAT,602662,36572,33380,3192,69952,60.68409821757469,55.38759702785309,5.310564896367453,116.07169524542779,1.095626123427202
2016,TRABZON,779379,28680,26775,1905,55455,36.79852805887764,34.35427436459027,2.4472445375382263,71.15280242346792,1.0711484593837535
2016,TUNCELİ,82193,4822,7031,-2209,11853,58.666796442519434,85.54256445196063,-26.519403343437677,144.20936089448006,0.6858199402645427
2016,UŞAK,358736,11737,10701,1036,22438,32.717653093082376,29.82973551581107,2.892093641302224,62.54738860889345,1.0968133819269228
2016,VAN,1100190,28902,49035,-20133,77937,26.27000790772503,44.56957434624928,-18.133647494970756,70.83958225397431,0.5894157234628327
2016,YALOVA,241665,12825,10493,2332,23318,53.06933151263112,43.419609790412345,9.696506014578024,96.48894130304348,1.2222434003621463
2016,YOZGAT,421041,17736,21825,-4089,39561,42.12416368002166,51.83580696416738,-9.664713160815012,93.95997064418904,0.8126460481099657
2016,ZONGULDAK,597524,19991,21933,-1942,41924,33.4563967305079,36.70647538843628,-3.244805721016884,70.16287211894418,0.9114576209364884
2016,ÇANAKKALE,519793,25116,20024,5092,45140,48.31923477230359,38.523027435921605,9.844426357233585,86.8422622082252,1.2542948461845784
2016,ÇANKIRI,183880,13371,13088,283,26459,72.71590167500544,71.17685447030672,1.540232449922036,143.89275614531215,1.0216228606356967
2016,ÇORUM,527863,16688,20420,-3732,37108,31.6142635494437,38.68427982260549,-7.045111745817201,70.29854337204918,0.8172380019588639
2016,İSTANBUL,14804116,369582,440889,-71307,810471,24.964813839610553,29.78151481655507,-4.805128543270163,54.74632865616562,0.8382654137435953
2016,İZMİR,4223545,122668,98902,23766,221570,29.04384823649328,23.41682165100644,5.642902967996957,52.46066988749972,1.2402984772805403
2016,ŞANLIURFA,1940627,38662,49789,-11127,88451,19.92242713308637,25.656141030708117,-5.717323150020515,45.578568163794486,0.7765169013235855
2016,ŞIRNAK,483788,11102,24122,-13020,35224,22.948068162087527,49.86068277840707,-26.555278626467985,72.80875094049459,0.4602437608821822
2017,ADANA,2216475,49509,62834,-13325,112343,22.33681859709674,28.348616609706855,-5.993781311322399,50.6854352068036,0.7879332845274851
2017,ADIYAMAN,615076,18040,22741,-4701,40781,29.329708848987767,36.97266679239639,-7.613861730910481,66.30237564138416,0.7932808583615496
2017,AFYONKARAHİSAR,715693,21453,25483,-4030,46936,29.975142973313975,35.606048962334405,-5.615096947505114,65.58119193564839,0.8418553545500922
2017,AKSARAY,402404,14139,13799,340,27938,35.13633065277681,34.291408634109004,0.8452791161363783,69.42773928688581,1.0246394666280165
2017,AMASYA,329888,14326,14675,-349,29001,43.426860025220684,44.48479483946067,-1.0573754970649498,87.91165486468135,0.9762180579216354
2017,ANKARA,5445026,188100,156058,32042,344158,34.5452895909037,28.660652860059805,5.902002300605728,63.205942450963505,1.2053210985659177
2017,ANTALYA,2364396,87232,72178,15054,159410,36.89398899338351,30.527035234368523,6.387287541225244,67.42102422775203,1.2085677076117376
2017,ARDAHAN,97096,5284,7154,-1870,12438,54.42036747136854,73.67965724643652,-19.075598535157248,128.10002471780507,0.7386077718758737
2017,ARTVİN,166143,7788,10146,-2358,17934,46.8752821364728,61.06787526407974,-14.092587944203393,107.94315740055254,0.7675931401537551
2017,AYDIN,1080839,41352,35339,6013,76691,38.25916718401168,32.695896428607774,5.578788912006272,70.95506361261945,1.1701519567616514
2017,AĞRI,536285,15088,32479,-17391,47567,28.134294265176166,60.562946940526025,-31.91123352119938,88.6972412057022,0.4645463222389852
2017,BALIKESİR,1204824,43998,40371,3627,84369,36.51819684866835,33.5077986494293,3.0149362786110347,70.02599549809764,1.0898417180649476
2017,BARTIN,193577,8759,8144,615,16903,45.248144149356584,42.07111382034022,3.1820851194834154,87.3192579696968,1.075515717092338
2017,BATMAN,585252,19889,22323,-2434,42212,33.983651486880866,38.14254372475447,-4.150261991682425,72.12619521163533,0.8909644761008825
2017,BAYBURT,80417,5648,15820,-10172,21468,70.23390576619371,196.72457316239104,-118.96658596774382,266.9584789285847,0.3570164348925411
2017,BOLU,303184,14839,13643,1196,28482,48.94387566626207,44.99907646841522,3.952595295221854,93.9429521346773,1.0876640035182878
2017,BURDUR,264779,12745,11786,959,24531,48.13448196420411,44.51259352138953,3.6284593803620515,92.64707548559365,1.081367724418802
2017,BURSA,2936803,86119,64905,21214,151024,29.324064297128544,22.100563095311465,7.249685256900085,51.42462739244001,1.3268469301286496
2017,BİLECİK,221693,11744,9359,2385,21103,52.97415795717501,42.21603749329027,10.816302003850332,95.19019545046528,1.2548349182604979
2017,BİNGÖL,273354,11979,11941,38,23920,43.82229636295792,43.68328248351954,0.13902354253937477,87.50557884647746,1.0031823130391089
2017,BİTLİS,341474,12989,19097,-6108,32086,38.03803510662598,55.92519489038697,-17.728602609947522,93.96322999701295,0.6801591873069068
2017,DENİZLİ,1018735,28855,25466,3389,54321,28.324343425915472,24.997668677330218,3.332217350243181,53.32201210324569,1.1330793999842927
2017,DÜZCE,377610,15023,11387,3636,26410,39.78443367495564,30.155451391647468,9.675565206284327,69.93988506660311,1.3193114955651182
2017,DİYARBAKIR,1699901,40493,48983,-8490,89476,23.820798975940363,28.815207473847007,-4.981967507478819,52.63600644978737,0.8266745605618275
2017,EDİRNE,406855,19125,15999,3126,35124,47.006918926890414,39.32359194307554,7.7129575713312875,86.33051086996596,1.1953872117007314
2017,ELAZIĞ,583671,20406,22054,-1648,42460,34.96147658526807,37.78498503437724,-2.8195279685882686,72.74646161964532,0.9252743266527614
2017,ERZURUM,760476,26624,37358,-10734,63982,35.00965184963102,49.124495710581265,-14.015927546507575,84.13414756021228,0.7126719845816157
2017,ERZİNCAN,231511,15162,14210,952,29372,65.49148852538325,61.37937290236749,4.1205877897288286,126.87086142775074,1.0669950738916256
2017,ESKİŞEHİR,860620,38060,27799,10261,65859,44.22393158420673,32.30113174223234,11.994302677005386,76.52506332643908,1.3691139969063635
2017,GAZİANTEP,2005515,47431,50485,-3054,97916,23.650284340929886,25.17308521751271,-1.521642297470606,48.82336955844259,0.9395067841933248
2017,GÜMÜŞHANE,170173,18795,27348,-8553,46143,110.44642804675242,160.70704518343098,-49.02851541563604,271.1534732301834,0.6872531812198333
2017,GİRESUN,437393,25529,34675,-9146,60204,58.36627472318944,79.27653163173622,-20.693899530733134,137.64280635492565,0.7362364816149964
2017,HAKKARİ,275761,9997,10380,-383,20377,36.25240697560569,37.64129082792708,-1.387920022467635,73.89369780353277,0.963102119460501
2017,HATAY,1575226,33745,40623,-6878,74368,21.42232289208025,25.788680481403937,-4.356845815926748,47.21100337348419,0.8306870492085764
2017,ISPARTA,433830,18222,18818,-596,37040,42.0026277574165,43.376437775165385,-1.3728669885379428,85.37906553258189,0.9683281964076947
2017,IĞDIR,194775,7775,9728,-1953,17503,39.91785393402644,49.94480811192401,-9.976935042643351,89.86266204595046,0.7992393092105263
2017,KAHRAMANMARAŞ,1127623,26874,30314,-3440,57188,23.832433357602675,26.883098340491458,-3.0460187914566257,50.71553169809413,0.8865210793692683
2017,KARABÜK,244453,14740,14399,341,29139,60.297889573864914,58.9029383971561,1.3959248001801192,119.20082797102101,1.0236822001527883
2017,KARAMAN,246672,8581,10340,-1759,18921,34.787085684633844,41.91801258351171,-7.105592169710141,76.70509826814555,0.8298839458413927
2017,KARS,287654,11588,17119,-5531,28707,40.284508471983706,59.512469842241025,-19.0448644116528,99.79697831422473,0.6769086979379637
2017,KASTAMONU,372373,18729,20052,-1323,38781,50.29634264568054,53.84923181863347,-3.5465888543821014,104.14557446431401,0.9340215439856373
2017,KAYSERİ,1376722,38958,36863,2095,75821,28.297651958783256,26.775921355219136,1.5228893172040334,55.07357331400239,1.0568320538209044
2017,KIRIKKALE,278749,13434,14112,-678,27546,48.19389486599055,50.62619058723081,-2.429341283036175,98.82008545322135,0.9519557823129252
2017,KIRKLARELİ,356050,16074,14023,2051,30097,45.145344754950145,39.384917848616766,5.77706608980507,84.53026260356691,1.1462597161805606
2017,KIRŞEHİR,234529,10840,11329,-489,22169,46.22029685028291,48.305326846573344,-2.082858584976584,94.52562369685626,0.9568364374613822
2017,KOCAELİ,1883270,87796,60258,27538,148054,46.61891284839667,31.996474217717054,14.730133869947114,78.61538706611373,1.4570015599588437
2017,KONYA,2180149,53007,56594,-3587,109601,24.31347582206537,25.958776212084587,-1.643947995879818,50.27225203414996,0.9366187228328091
2017,KÜTAHYA,572256,17172,20393,-3221,37565,30.007549068948162,35.636148856455854,-5.612803674722257,65.64369792540401,0.8420536458588731
2017,KİLİS,136319,6675,6526,149,13201,48.966028213235134,47.87300376323183,1.0936221278657121,96.83903197646697,1.0228317499233834
2017,MALATYA,786676,27523,28222,-699,55745,34.98644931331323,35.874998093242965,-0.8881541957662109,70.8614474065562,0.9752320884416412
2017,MANİSA,1413041,40257,36021,4236,76278,28.489619197178286,25.49182932413143,3.002289990311307,53.981448521309716,1.117598067793787
2017,MARDİN,809719,28303,30782,-2479,59085,34.954101361089464,38.015657283576154,-3.0568765232746187,72.96975864466562,0.9194659216425184
2017,MERSİN,1793931,54492,55393,-901,109885,30.375750237885402,30.877999209557114,-0.5021228763225657,61.253749447442516,0.9837344068745149
2017,MUĞLA,938751,42450,33289,9161,75739,45.21965888718095,35.460947578218295,9.806561007867408,80.68060646539924,1.2751960106942233
2017,MUŞ,404544,13094,22243,-9149,35337,32.36730738807151,54.9828943205189,-22.362713981401477,87.35020170859042,0.5886795845884099
2017,NEVŞEHİR,292365,11006,12076,-1070,23082,37.64472491577309,41.304533716416124,-3.6531239330829637,78.94925863218921,0.9113945014905598
2017,NİĞDE,352727,13948,15667,-1719,29615,39.5433295438115,44.416786920196074,-4.861610949513061,83.96011646400757,0.890278930235527
2017,ORDU,742341,28111,40305,-12194,68416,37.86804177594933,54.2944549741965,-16.292598718931963,92.16249675014582,0.6974568912045652
2017,OSMANİYE,527724,18842,19008,-166,37850,35.70426965610812,36.01882802373968,-0.31450890192816694,71.7230976798478,0.991266835016835
2017,RİZE,331041,14561,16310,-1749,30871,43.985488202367684,49.268821686739706,-5.269413450110043,93.25430988910739,0.8927651747394236
2017,SAKARYA,990214,35575,28122,7453,63697,35.92657748729063,28.39992163310153,7.5550881283341145,64.32649912039216,1.2650238247635304
2017,SAMSUN,1312990,43709,42422,1287,86131,33.289667095712836,32.30946161052255,0.9806861221483808,65.59912870623539,1.0303380321531281
2017,SİNOP,207427,11015,10086,929,21101,53.10301937549114,48.624335308325335,4.488735882104246,101.72735468381647,1.0921078722982351
2017,SİVAS,621301,22147,28697,-6550,50844,35.64616828236233,46.18856238763498,-10.48711445844861,81.83473066999731,0.7717531449280413
2017,SİİRT,324394,12163,15406,-3243,27569,37.494528258845726,47.491630548037264,-9.947379802494053,84.98615880688298,0.7894975983383098
2017,TEKİRDAĞ,1005463,55391,34658,20733,90049,55.09004309457434,34.46969207220952,20.835165232718637,89.55973516678387,1.5982168619077846
2017,TOKAT,602086,34735,38746,-4011,73481,57.69109396332085,64.35293296970865,-6.639722624801045,122.0440269330295,0.8964796366076498
2017,TRABZON,786326,29703,29192,511,58895,37.774409087325104,37.12455139471415,0.6500689187547427,74.89896048203926,1.0175047958344752
2017,TUNCELİ,82498,6074,6725,-651,12799,73.62602729763145,81.51712768794395,-7.860088018497166,155.14315498557542,0.9031970260223048
2017,UŞAK,364971,13909,10420,3489,24329,38.109877223121835,28.550213578613096,9.60557668562178,66.66009080173494,1.3348368522072938
2017,VAN,1106891,31971,48269,-16298,80240,28.883602811839648,43.6077265060426,-14.61651599942603,72.49132931788225,0.66235057697487
2017,YALOVA,251203,15754,10719,5035,26473,62.71421917731874,42.67066874201343,20.246455864937843,105.38488791933217,1.4697266536057467
2017,YOZGAT,418650,19074,23498,-4424,42572,45.56073092081691,56.12803057446554,-10.511759198977337,101.68876149528245,0.8117286577581071
2017,ZONGULDAK,596892,19421,22541,-3120,41962,32.536874342427105,37.76395059742801,-5.213450702813258,70.30082493985512,0.8615855552105053
2017,ÇANAKKALE,530417,26088,20540,5548,46628,49.1839439535309,38.72424903425041,10.514685118536587,87.9081929877813,1.2701071080817916
2017,ÇANKIRI,186074,13849,13504,345,27353,74.42737835484807,72.57327729827918,1.855821496867965,147.00065565312724,1.0255479857819905
2017,ÇORUM,528422,17214,20880,-3666,38094,32.576236417106024,39.5138733815019,-6.91365475101602,72.09010979860793,0.8244252873563218
2017,İSTANBUL,15029231,416587,422559,-5972,839146,27.718450797648927,28.115809784279715,-0.3972800552307088,55.834260581928646,0.9858670623510563
2017,İZMİR,4279677,127394,102776,24618,230170,29.767199720913517,24.01489645129761,5.768895487804192,53.782096172211126,1.2395306297190005
2017,ŞANLIURFA,1985753,40058,52648,-12590,92706,20.17270023008904,26.512864389478448,-6.320128832236974,46.68556461956749,0.7608646102416046
2017,ŞIRNAK,503236,19672,15186,4486,34858,39.091003028400195,30.17669642076481,8.954216925186579,69.26769944916501,1.2954036612669564
2018,ADANA,2220125,51660,70638,-18978,122298,23.268960081076514,31.81712741399696,-8.511787242096615,55.08608749507348,0.7313344092414847
2018,ADIYAMAN,624513,22034,22897,-863,44931,35.28189164997366,36.663768408343785,-1.3809226259291825,71.94566005831744,0.9623094728567061
2018,AFYONKARAHİSAR,725568,26976,25049,1927,52025,37.179147922730884,34.523297609596895,2.65938177309139,71.70244553232777,1.0769292187312867
2018,AKSARAY,412172,16680,14441,2239,31121,40.468542259056896,35.036344050542006,5.4469927807275225,75.5048863095989,1.1550446644969186
2018,AMASYA,337508,16760,15237,1523,31997,49.658082178792796,45.145596548822546,4.522689916598985,94.80367872761535,1.0999540591980048
2018,ANKARA,5503985,184382,221747,-37365,406129,33.499727924403864,40.288445553539844,-6.765752238388424,73.7881734779437,0.8314971566695378
2018,ANTALYA,2426356,95920,80349,15571,176269,39.53253356061518,33.11509110781765,6.438100522602091,72.64762466843283,1.1937920820420913
2018,ARDAHAN,98907,7342,6376,966,13718,74.23134864064222,64.4645980567604,9.814679346500853,138.6959466974026,1.1515056461731492
2018,ARTVİN,174010,15934,8876,7058,24810,91.56945003160737,51.0085627262801,41.40050797449569,142.57801275788748,1.795178008111762
2018,AYDIN,1097746,47005,36462,10543,83467,42.81955935161686,33.215333966145174,9.650568502971923,76.03489331776203,1.2891503483078273
2018,AĞRI,539657,20091,29482,-9391,49573,37.22920299375344,54.630997096303766,-17.251688933182084,91.8602000900572,0.6814666576215996
2018,BALIKESİR,1226575,55238,40028,15210,95266,45.034343599046124,32.63396041823778,12.477747606585888,77.6683040172839,1.3799840111921655
2018,BARTIN,198999,13399,8813,4586,22212,67.33199664319922,44.286654706807575,23.313981271542303,111.61865135000679,1.5203676387155338
2018,BATMAN,599103,23099,22525,574,45624,38.55597451523361,37.597875490525,0.9585582215572063,76.15385000575861,1.025482796892342
2018,BAYBURT,82274,9450,7772,1678,17222,114.86010161168778,94.46483700804629,20.605390802480507,209.32493861973407,1.2159032424086464
2018,BOLU,311810,18307,14827,3480,33134,58.712036175876335,47.55139347679677,11.223272164349986,106.2634296526731,1.234706953530721
2018,BURDUR,269926,15417,12537,2880,27954,57.11565391996325,46.446062995043086,10.726816295821756,103.56171691500633,1.2297200287150036
2018,BURSA,2994521,80940,80086,854,161026,27.02936462960186,26.74417711547189,0.28522818588861937,53.77354174507375,1.0106635366980496
2018,BİLECİK,223448,11956,12597,-641,24553,53.50685618130393,56.37553256238588,-2.86456762234184,109.8823887436898,0.9491148686195126
2018,BİNGÖL,281205,15770,12216,3554,27986,56.08008392453904,43.441617325438735,12.718839915828049,99.52170124997778,1.2909299279633268
2018,BİTLİS,349396,17602,17398,204,35000,50.37836723946467,49.79450251290799,0.5840352253402578,100.17286975237266,1.01172548568801
2018,DENİZLİ,1027782,28047,28906,-859,56953,27.288860867382382,28.124641217690133,-0.8354312318039625,55.413502085072516,0.9702829862312323
2018,DÜZCE,387844,17445,12790,4655,30235,44.979424717154316,32.97717639050752,12.074710161562475,77.95660110766184,1.3639562157935887
2018,DİYARBAKIR,1732396,43836,50822,-6986,94658,25.303683453436744,29.336248756058083,-4.024450872146779,54.63993220949483,0.8625398449490378
2018,EDİRNE,411528,18792,17162,1630,35954,45.663964541902374,41.70311619136486,3.968708075955716,87.36708073326724,1.0949772753758302
2018,ELAZIĞ,595638,30152,24358,5794,54510,50.62135055184525,40.89396579801826,9.774926991721511,91.51531634986351,1.2378684621069054
2018,ERZURUM,767848,32501,35431,-2930,67932,42.32738771215136,46.14324710098874,-3.8085928614231137,88.4706348131401,0.9173040557703706
2018,ERZİNCAN,236034,19727,17511,2216,37238,83.57694230492217,74.18846437377665,9.432757549185702,157.76540667869884,1.1265490263263092
2018,ESKİŞEHİR,871187,35995,32946,3049,68941,41.31719137223122,37.817368716475336,3.5059577709743723,79.13456008870656,1.0925453772840406
2018,GAZİANTEP,2028563,44704,62206,-17502,106910,22.03727466191585,30.665056988617064,-8.590722883168722,52.70233165053291,0.7186445037456194
2018,GÜMÜŞHANE,162748,30333,22764,7569,53097,186.3801705704525,139.8726866075159,47.61470400437836,326.2528571779684,1.3324986821296785
2018,GİRESUN,453912,40358,25953,14405,66311,88.91150707626147,57.17628086501348,32.24690766594397,146.08778794127497,1.555041806342234
2018,HAKKARİ,286470,12756,10156,2600,22912,44.52822285056027,35.452228854679376,9.117368587158538,79.98045170523964,1.25600630169358
2018,HATAY,1609856,36499,42655,-6156,79154,22.67221416076966,26.49615866263815,-3.8166471783718365,49.16837282340781,0.8556792873051225
2018,ISPARTA,441412,28789,19584,9205,48373,65.22024775040099,44.36671409023769,21.07325962461897,109.58696184063868,1.4700265522875817
2018,IĞDIR,197456,9225,10122,-897,19347,46.71926910299003,51.2620533182076,-4.532489155122799,97.98132242119763,0.9113811499703616
2018,KAHRAMANMARAŞ,1144851,33619,33661,-42,67280,29.365393400538586,29.402079397231606,-0.03668532377418611,58.76747279777019,0.998752265232762
2018,KARABÜK,248014,18384,17433,951,35817,74.12484779085051,70.29038683300136,3.8418266249492503,144.4152346238519,1.0545517122698331
2018,KARAMAN,251913,12777,10448,2329,23225,50.71989139107549,41.47463608468003,9.288191155679895,92.19452747575552,1.2229134762633997
2018,KARS,288878,14441,16620,-2179,31061,49.98996116007449,57.532937779962474,-7.514635260848198,107.52289894003697,0.8688929001203369
2018,KASTAMONU,383373,27175,18397,8778,45572,70.88396939794926,47.98720828018666,23.161927680324236,118.87117767813591,1.4771430124476816
2018,KAYSERİ,1389680,38690,48047,-9357,86737,27.840941799550976,34.57414656611594,-6.7106128015141016,62.41508836566692,0.8052531895851979
2018,KIRIKKALE,286602,20575,15076,5499,35651,71.78945017829604,52.60256383416724,19.37273760139509,124.39201401246328,1.3647519235871584
2018,KIRKLARELİ,360860,16936,14745,2191,31681,46.93232832677493,40.860721609488444,6.090095048288533,87.79304993626337,1.1485927433028145
2018,KIRŞEHİR,241868,15835,12144,3691,27979,65.46959498569467,50.2092050209205,15.377725004947452,115.67880000661518,1.3039361001317522
2018,KOCAELİ,1906391,80457,79970,487,160427,42.20382912004935,41.94837260561973,0.25548914761318314,84.15220172566907,1.0060897836688758
2018,KONYA,2205609,58300,60571,-2271,118871,26.43260886222354,27.46225645615338,-1.0291177796070183,53.89486531837692,0.9625068101896948
2018,KÜTAHYA,577941,22582,20392,2190,42974,39.07319259232344,35.28387845818172,3.7965072133637054,74.35707105050516,1.107395056885053
2018,KİLİS,142541,8861,6929,1932,15790,62.16457019383896,48.61057520292407,13.646477132262051,110.77514539676304,1.2788281137249242
2018,MALATYA,797036,36901,35234,1667,72135,46.29778328707862,44.20628428326951,2.0936884774915927,90.50406757034814,1.0473122552080376
2018,MANİSA,1429643,41189,39056,2133,80245,28.81068910210451,27.318708236951462,1.4930946995138168,56.12939733905598,1.0546138877509217
2018,MARDİN,829195,30216,31738,-1522,61954,36.44016184371589,38.2756770120418,-1.8338321549576122,74.7158388557577,0.9520448673514399
2018,MERSİN,1814468,55779,61917,-6138,117696,30.74124206103387,34.12405178818254,-3.377097687694941,64.86529384921641,0.9008672900818838
2018,MUĞLA,967487,52642,34302,18340,86944,54.411067022089185,35.454739960330215,19.137717477619617,89.8658069824194,1.5346627018832721
2018,MUŞ,407992,15742,20789,-5047,36531,38.58408988411537,50.954430479029,-12.294298266447917,89.53852036314437,0.7572273798643513
2018,NEVŞEHİR,298339,13120,12315,805,25435,43.97681831741743,41.27854554717955,2.7019180261565805,85.25536386459699,1.0653674380836378
2018,NİĞDE,364707,22654,15676,6978,38330,62.115616097305505,42.98244892475329,19.317974187332858,105.0980650220588,1.445139066088288
2018,ORDU,771932,54813,30152,24661,84965,71.00754988781395,39.06043537513667,32.46570734786595,110.06798526295063,1.8178893605730964
2018,OSMANİYE,534415,19965,20900,-935,40865,37.358607075025965,39.10818371490321,-1.7480474683692213,76.46679078992918,0.9552631578947368
2018,RİZE,348608,31266,16413,14853,47679,89.68813108132917,47.081535707729024,43.53401342100905,136.7696667890582,1.9049533906050082
2018,SAKARYA,1010700,37659,32704,4955,70363,37.26031463342238,32.35777184129811,4.914589785488818,69.61808647472049,1.151510518590998
2018,SAMSUN,1335716,53228,48543,4685,101771,39.84978842807902,36.342306298644324,3.513644151469937,76.19209472672334,1.0965123704756607
2018,SİNOP,219733,20922,9793,11129,30715,95.21555706243487,44.56772537579699,51.963757508690584,139.78328243823185,2.136423976309609
2018,SİVAS,646608,45861,26271,19590,72132,70.92550664390171,40.62894365674412,30.76256295019103,111.55445030064583,1.74568916295535
2018,SİİRT,331670,15017,15726,-709,30743,45.276931890131756,47.41459884825278,-2.1353845875831454,92.69153073838454,0.954915426681928
2018,TEKİRDAĞ,1029927,53895,41010,12885,94905,52.32895146937599,39.8183560582449,12.589345515247178,92.1473075276209,1.3141916605705926
2018,TOKAT,612646,46391,41326,5065,87717,75.72235842558345,67.4549413527551,8.301734021620568,143.17729977833855,1.1225620674635823
2018,TRABZON,807903,46593,33344,13249,79937,57.67152739870999,41.272281449629475,16.53482528234565,98.94380884833947,1.397342850287908
2018,TUNCELİ,88198,11211,5884,5327,17095,127.11172588947595,66.71353091906846,62.27896345918898,193.82525680854442,1.905336505778382
2018,UŞAK,367514,13691,13011,680,26702,37.25300260670342,35.40273295711184,1.8519829835445865,72.65573556381526,1.0522634693720698
2018,VAN,1123784,34691,44954,-10263,79645,30.86981128045959,40.00234920589722,-9.091025856231047,70.8721604863568,0.7716999599590693
2018,YALOVA,262234,16232,12905,3327,29137,61.898914709763034,49.21177269156555,12.768137605753529,111.11068740132859,1.2578070515304145
2018,YOZGAT,424981,25715,22524,3191,48239,60.50858744273273,53.0000164713246,7.536866519991828,113.50860391405733,1.1416711063754217
2018,ZONGULDAK,599698,24363,24105,258,48468,40.62544814223159,40.195231599905284,0.430309105374027,80.82067974213687,1.0107031736154324
2018,ÇANAKKALE,540662,29473,21068,8405,50541,54.512800973621225,38.967044105189565,15.667538742440016,93.4798450788108,1.3989462692234669
2018,ÇANKIRI,216362,40460,12433,28027,52893,187.00141429641064,57.46387997892421,138.50856319666318,244.46529427533486,3.2542427410922543
2018,ÇORUM,536483,24363,20212,4151,44575,45.41243618157519,37.67500554537609,7.767480808184765,83.08744172695127,1.2053730457154166
2018,İSTANBUL,15067724,385482,595803,-210321,981285,25.583293137039146,39.54167198708976,-13.861635867589976,65.1249651241289,0.6469957351674966
2018,İZMİR,4320519,130092,117113,12979,247205,30.11027147432982,27.10623422787864,3.0085561538232413,57.21650570220846,1.1108245882182166
2018,ŞANLIURFA,2035809,44448,56748,-12300,101196,21.833089449943486,27.8749136092826,-6.023627310832392,49.70800305922609,0.7832522732078664
2018,ŞIRNAK,524190,19779,15485,4294,35264,37.73250157385681,29.54081535321162,8.225376070553574,67.27331692706844,1.2773006134969325
2019,ADANA,2237940,52290,60900,-8610,113190,23.365237673932278,27.212525804981368,-3.8399015272639696,50.577763478913646,0.8586206896551725
2019,ADIYAMAN,626465,17619,24821,-7202,42440,28.12447622772222,39.62072901119775,-11.43054854570791,67.74520523891997,0.7098424721002377
2019,AFYONKARAHİSAR,729483,23818,27006,-3188,50824,32.65052098541022,37.0207393455365,-4.36068977686345,69.67126033094671,0.8819521587795305
2019,AKSARAY,416367,13689,15672,-1983,29361,32.877245314830425,37.63987059493188,-4.751310923342881,70.5171159097623,0.873468606431853
2019,AMASYA,337800,13329,14813,-1484,28142,39.4582593250444,43.85139135583185,-4.38350337624283,83.30965068087626,0.8998177276716398
2019,ANKARA,5639076,211744,154464,57280,366208,37.54941412387419,27.391721622478578,10.20954521181598,64.94113574635277,1.3708307437331675
2019,ANTALYA,2511700,100140,68494,31646,168634,39.8694111557909,27.26997650993351,12.679310719238167,67.13938766572441,1.462025870879201
2019,ARDAHAN,97319,5164,7028,-1864,12192,53.06260853481848,72.21611401679014,-18.97181708074218,125.27872255160862,0.7347751849743882
2019,ARTVİN,170875,8403,11676,-3273,20079,49.17629846378932,68.3306510607169,-18.97264820026491,117.50694952450621,0.7196813977389517
2019,AYDIN,1110972,40439,36180,4259,76619,36.39965723708608,32.566077272874566,3.8409422438263325,68.96573450996064,1.1177169707020453
2019,AĞRI,536199,16342,28158,-11816,44500,30.4774906331418,52.51408525566068,-21.796435021130513,82.99157588880247,0.5803679238582286
2019,BALIKESİR,1228620,41467,42931,-1464,84398,33.75087496540834,34.9424557633768,-1.1908712882884642,68.69333072878514,0.9658987677901749
2019,BARTIN,198249,9423,10708,-1285,20131,47.53113508769275,54.012882788816086,-6.460809034071341,101.54401787650883,0.8799962644751588
2019,BATMAN,608659,20902,23325,-2423,44227,34.34106782286962,38.32195038601253,-3.972974590507329,72.66301820888215,0.8961200428724545
2019,BAYBURT,84843,9131,7882,1249,17013,107.62231415673656,92.90100538641963,14.830470739801825,200.5233195431562,1.1584623192083228
2019,BOLU,316126,15997,15068,929,31065,50.60324048006175,47.66453882312749,2.9430259946176522,98.26777930318923,1.0616538359437218
2019,BURDUR,270796,12134,13603,-1469,25737,44.80863823690158,50.233386017518725,-5.410073638136415,95.0420242544203,0.8920091156362567
2019,BURSA,3056120,85596,68356,17240,153952,28.0080625106344,22.3669227648129,5.657095980311731,50.3749852754473,1.2522090233483527
2019,BİLECİK,219427,10565,10582,-17,21147,48.14813126916925,48.225605782333076,-0.07747151212998808,96.37373705150232,0.9983934983934984
2019,BİNGÖL,279812,11266,14879,-3613,26145,40.26274784498163,53.17498892113276,-12.82941284042064,93.4377367661144,0.7571745412998185
2019,BİTLİS,348115,12385,19050,-6665,31435,35.577323585596716,54.72329546270629,-18.964425696583415,90.300619048303,0.6501312335958005
2019,DENİZLİ,1037208,26235,27146,-911,53381,25.293865839831547,26.172185328304447,-0.877933935230448,51.466051168136,0.966440727915715
2019,DÜZCE,392166,15454,14798,656,30252,39.40678182198355,37.734020797315424,1.6741612605209295,77.14080261929897,1.04433031490742
2019,DİYARBAKIR,1756353,42329,49730,-7401,92059,24.100508269123576,28.314353663528916,-4.204985814351666,52.41486193265249,0.8511763523024332
2019,EDİRNE,413903,16864,16761,103,33625,40.743845780291515,40.49499520419035,0.24888154325887427,81.23884098448187,1.006145218065748
2019,ELAZIĞ,591098,20343,29248,-8905,49591,34.41561297788184,49.48079675451448,-14.952552302449583,83.89640973239632,0.6955347374179431
2019,ERZURUM,762062,26819,40401,-13582,67220,35.192674611776994,53.015371452716444,-17.66527541675717,88.20804606449344,0.6638202024702359
2019,ERZİNCAN,234747,14496,17555,-3059,32051,61.75158787971731,74.78263832977632,-12.946695926171245,136.53422620949362,0.8257476502420963
2019,ESKİŞEHİR,887475,36757,29543,7214,66300,41.41750471844277,33.288825037325,8.161852222277535,74.70632975576777,1.2441864401042548
2019,GAZİANTEP,2069364,52268,53517,-1249,105785,25.258001975486188,25.861569061798697,-0.6033849946509364,51.119571037284885,0.9766616215408188
2019,GÜMÜŞHANE,164521,16158,25477,-9319,41635,98.21238626072052,154.8556111377879,-55.08318039017499,253.0679973985084,0.6342190995800133
2019,GİRESUN,448400,22595,30580,-7985,53175,50.39027653880464,68.19803746654773,-17.65060207673646,118.58831400535236,0.7388816219751472
2019,HAKKARİ,280991,6898,12719,-5821,19617,24.548828966052294,45.26479495784562,-20.503590153627226,69.81362392389792,0.5423382341379039
2019,HATAY,1628894,35244,42067,-6823,77311,21.63676703333673,25.82549877401476,-4.179977338800856,47.46226580735149,0.8378063565264935
2019,ISPARTA,444914,19555,20052,-497,39607,43.95231437985768,45.06938419559735,-1.1164462415410104,89.02169857545503,0.975214442449631
2019,IĞDIR,199442,8650,9777,-1127,18427,43.37100510424083,49.02177074036562,-5.634845041761351,92.39277584460645,0.8847294671167024
2019,KAHRAMANMARAŞ,1154102,27676,36700,-9024,64376,23.98054937951758,31.79961563189389,-7.788616398558968,55.78016501141147,0.7541144414168938
2019,KARABÜK,248458,14571,16485,-1914,31056,58.64572684316867,66.34924212542965,-7.673957059519275,124.99496896859831,0.883894449499545
2019,KARAMAN,253279,10318,11075,-757,21393,40.737684529708346,43.72648344315952,-2.984339118693514,84.46416797286787,0.931647855530474
2019,KARS,285410,11132,16421,-5289,27553,39.00353876878876,57.534774534879645,-18.361108748518074,96.5383133036684,0.6779124292065039
2019,KASTAMONU,379405,17737,22515,-4778,40252,46.74951568903942,59.34291851715186,-12.514602115276825,106.09243420619127,0.7877859204974461
2019,KAYSERİ,1407409,40579,39013,1566,79592,28.832414742267527,27.719731790829815,1.1133023276976253,56.55214653309734,1.0401404659985134
2019,KIRIKKALE,283017,12937,18854,-5917,31791,45.71103502616451,66.61790634484855,-20.690583633912695,112.32894137101304,0.6861673915349528
2019,KIRKLARELİ,361836,15352,14468,884,29820,42.42806133165301,39.984965564509885,2.446083775602251,82.4130268961629,1.0611003594138788
2019,KIRŞEHİR,242938,10853,13028,-2175,23881,44.673949732030394,53.62685129539224,-8.91300294436442,98.30080102742264,0.8330518882407123
2019,KOCAELİ,1953035,82977,65675,17302,148652,42.48618176325565,33.62714953905076,8.898448043184885,76.1133313023064,1.2634488009135896
2019,KONYA,2232374,54219,58557,-4338,112776,24.287596970758486,26.230819746153646,-1.9413365506951534,50.51841671691213,0.9259183359803269
2019,KÜTAHYA,579257,21212,21456,-244,42668,36.61932441040851,37.04055367479374,-0.4211405660198247,73.65987808520225,0.988627889634601
2019,KİLİS,142490,6515,8843,-2328,15358,45.722506842585446,62.06049547336655,-16.205605134559427,107.78300231595199,0.7367409250254439
2019,MALATYA,800165,29880,33272,-3392,63152,37.342298151006354,41.58142383133479,-4.230159591250852,78.92372198234114,0.8980524164462611
2019,MANİSA,1440611,40857,37164,3693,78021,28.360882986455053,25.79738735855828,2.5667855997281,54.15827034501333,1.0993703584113659
2019,MARDİN,838778,27395,32544,-5149,59939,32.660608647341725,38.799300887719994,-6.1199081241215785,71.45990953506173,0.8417834316617503
2019,MERSİN,1840425,55429,54452,977,109881,30.117500033959548,29.58664438920358,0.5309965860234851,59.70414442316313,1.0179424079923602
2019,MUĞLA,983142,42987,36210,6777,79197,43.724100892851695,36.83089523181799,6.917045971257056,80.55499612466969,1.1871582435791217
2019,MUŞ,408809,13396,20063,-6667,33459,32.76835881793209,49.076708193802,-16.176443827074372,81.84506701173409,0.6676967552210537
2019,NEVŞEHİR,303010,12571,11899,672,24470,41.4870796343355,39.269331045180024,2.220210523533571,80.75641067951553,1.056475334061686
2019,NİĞDE,362861,14055,20769,-6714,34824,38.73384023083219,57.23679315219878,-18.33334243538002,95.97063338303097,0.6767297414415716
2019,ORDU,754198,25386,46640,-21254,72026,33.65959602120398,61.840524636766474,-27.7893635799039,95.50012065797046,0.5442967409948543
2019,OSMANİYE,538759,18126,21459,-3333,39585,33.64398552970809,39.83042510658755,-6.167362568938734,73.47441063629563,0.8446805536138683
2019,RİZE,343212,15946,23534,-7588,39480,46.4610794494365,68.56986352458539,-21.867057053768523,115.03094297402188,0.6775728732897085
2019,SAKARYA,1029650,35941,31291,4650,67232,34.906036031661245,30.389938328558248,4.526318351057358,65.29597436021949,1.1486050302003772
2019,SAMSUN,1348542,45973,45020,953,90993,34.09089223769078,33.38420308748263,0.7069389432486775,67.47509532517341,1.0211683696135052
2019,SİNOP,218243,12926,15642,-2716,28568,59.22755827220117,71.67240186397731,-12.367885392143023,130.8999601361785,0.8263649149725099
2019,SİVAS,638956,23572,36430,-12858,60002,36.89142914379081,57.014880523854536,-19.922991702627115,93.90630966764535,0.6470491353280263
2019,SİİRT,330280,11016,17252,-6236,28268,33.35351822695895,52.23446772435509,-18.70437135195772,85.58798595131404,0.638534662647809
2019,TEKİRDAĞ,1055412,48911,38109,10802,87020,46.343039495476646,36.10817386954099,10.287511273691418,82.45121336501764,1.2834501036500565
2019,TOKAT,612747,39530,39567,-37,79097,64.51275975239373,64.57314356496238,-0.0603819895212769,129.0859033173561,0.9990648772967372
2019,TRABZON,808974,29603,37502,-7899,67105,36.59326504930937,46.357484912988554,-9.71678146836695,82.95074996229792,0.7893712335342115
2019,TUNCELİ,84660,6517,8179,-1662,14696,76.9785022442712,96.60996928892038,-19.440642874688564,173.58847153319158,0.7967966744100746
2019,UŞAK,370509,13117,12363,754,25480,35.402648788558444,33.36761050338858,2.037111084694109,68.77025929194703,1.060988433228181
2019,VAN,1136757,34372,39575,-5203,73947,30.236893197050907,34.813948803482184,-4.566604804370178,65.0508420005331,0.8685281111813014
2019,YALOVA,270976,14531,12824,1707,27355,53.62467524799244,47.32522437411431,6.319355107404974,100.94989962210676,1.133109794135995
2019,YOZGAT,421200,18009,25253,-7244,43262,42.756410256410255,59.95489078822412,-17.051847597346654,102.71130104463438,0.7131429929117332
2019,ZONGULDAK,596053,19654,26251,-6597,45905,32.97357785297616,44.041385581483524,-11.006896620764277,77.01496343445969,0.7486952877985601
2019,ÇANAKKALE,542157,25198,22293,2905,47491,46.47731192256118,41.119085430972945,5.372620349932356,87.59639735353413,1.130309962768582
2019,ÇANKIRI,195789,11381,32275,-20894,43656,58.128904075305556,164.84582892808075,-101.31111930021916,222.9747330033863,0.3526258714175058
2019,ÇORUM,530864,16006,23425,-7419,39431,30.15084842822267,44.1261792097411,-13.878353491147616,74.27702763796377,0.6832870864461046
2019,İSTANBUL,15519267,498676,378305,120371,876981,32.13270317470535,24.3764734507113,7.786426379859631,56.50917662541665,1.3181850623174423
2019,İZMİR,4367251,128370,106895,21475,235265,29.393776542726762,24.476495626195977,4.929400540133756,53.87027216892274,1.2008980775527387
2019,ŞANLIURFA,2073614,41841,60885,-19044,102726,20.17781515749797,29.361780929334003,-9.141985928907186,49.53959608683198,0.6872135994087214
2019,ŞIRNAK,529615,16365,20724,-4359,37089,30.899804575021477,39.13031164147541,-8.196775258111922,70.03011621649689,0.7896641574985525
2020,ADANA,2258718,47088,45832,1256,92920,20.847223956244207,20.29115631079223,0.5562222940626813,41.13838026703643,1.0274044335835224
2020,ADIYAMAN,632459,16163,16936,-773,33099,25.555806779569902,26.778020393416806,-1.2214671669467507,52.33382717298671,0.954357581483231
2020,AFYONKARAHİSAR,736912,18439,19434,-995,37873,25.02198362898148,26.37221269296741,-1.3493181197150295,51.39419632194889,0.9488010702891839
2020,AKSARAY,423011,12208,12311,-103,24519,28.85976960410013,29.103262090111134,-0.24346284532427243,57.96303169421126,0.9916334984972789
2020,AMASYA,335494,12241,11347,894,23588,36.48649454237631,33.821767304333314,2.6682823603852595,70.30826184670963,1.0787873446726006
2020,ANKARA,5663322,153162,141165,11997,294327,27.044550883739262,24.926182901131174,2.120614103117844,51.97073378487043,1.0849856550844756
2020,ANTALYA,2548308,83035,62325,20710,145360,32.584365783100004,24.45740467792747,8.160119592443202,57.041770461027475,1.3322904131568392
2020,ARDAHAN,96161,4085,5215,-1130,9300,42.48083942554674,54.23196514179345,-11.682484543969563,96.71280456734019,0.7833173537871524
2020,ARTVİN,169501,6358,7801,-1443,14159,37.51010318523195,46.023327296004155,-8.477140213544038,83.5334304812361,0.8150237149083451
2020,AYDIN,1119084,35455,30996,4459,66451,31.682161482069265,27.69765272311998,3.992462760368517,59.37981420518924,1.1438572719060525
2020,AĞRI,535435,14626,24353,-9727,38979,27.31610746402458,45.4826449522351,-18.003011298384134,72.79875241625967,0.6005830903790087
2020,BALIKESİR,1240285,40715,31561,9154,72276,32.8271324735847,25.44657074785231,7.4078989534744455,58.27370322143701,1.2900415069231013
2020,BARTIN,198979,7585,7441,144,15026,38.119600560863205,37.395906100643785,0.723956421845385,75.51550666150699,1.0193522376024728
2020,BATMAN,620278,18598,17593,1005,36191,29.9833300552333,28.36308880856648,1.6215549017345796,58.346418863799784,1.0571249928949014
2020,BAYBURT,81910,4427,7433,-3006,11860,54.047124893175436,90.74594066658527,-36.037548104012565,144.79306555976072,0.5955872460648459
2020,BOLU,314802,11430,12565,-1135,23995,36.30853679455658,39.91397767485594,-3.5989529742096176,76.22251446941252,0.9096697174691604
2020,BURDUR,267092,9201,11422,-2221,20623,34.448804157369,42.7642909559253,-8.281056291421594,77.2130951132943,0.8055506916476974
2020,BURSA,3101833,77039,53940,23099,130979,24.836604678588433,17.389717628254004,7.474718743442147,42.22632230684244,1.428235076010382
2020,BİLECİK,218717,8297,8439,-142,16736,37.934865602582335,38.58410640233727,-0.6490301113406586,76.5189720049196,0.9831733617727219
2020,BİNGÖL,281768,9497,10633,-1136,20130,33.70503392862213,37.736719570710655,-4.023574747818202,71.44175349933279,0.8931627950719458
2020,BİTLİS,350994,12050,14223,-2173,26273,34.33107118640205,40.52206020615737,-6.17188398675871,74.85313139255942,0.8472192926949308
2020,DENİZLİ,1040915,22534,21370,1164,43904,21.648261385415715,20.530014458433204,1.1188725148582233,42.17827584384892,1.0544688816097332
2020,DÜZCE,395679,11757,10565,1192,22322,29.713479866255224,26.70093687054405,3.0170875486923,56.414416736799275,1.1128253667770942
2020,DİYARBAKIR,1783431,39101,42992,-3891,82093,21.924593662440543,24.10634333484166,-2.1793722500548203,46.030936997282204,0.9094947897283215
2020,EDİRNE,407763,12252,14264,-2012,26516,30.046865458611986,34.9811042198532,-4.9220953643745,65.02796967846518,0.858945597307908
2020,ELAZIĞ,587960,15529,21166,-5637,36695,26.411660657187564,35.99904755425539,-9.54164716556205,62.41070821144296,0.7336766512331097
2020,ERZURUM,758279,20405,30220,-9815,50625,26.909620337632983,39.85340488131677,-12.860552433776016,66.76302521894975,0.6752150893448048
2020,ERZİNCAN,234431,10907,10998,-91,21905,46.52541686039815,46.91359077937645,-0.38809859410218084,93.4390076397746,0.991725768321513
2020,ESKİŞEHİR,888828,25376,25533,-157,50909,28.54995567196353,28.726592771604857,-0.17662150068651764,57.27654844356839,0.9938510946618102
2020,GAZİANTEP,2101157,42040,41179,861,83219,20.008024150503747,19.598249916593574,0.4098582085768899,39.60627406709732,1.0209087156074699
2020,GÜMÜŞHANE,141702,7151,19116,-11965,26267,50.46506047903346,134.9028242367786,-81.01730377934042,185.36788471581207,0.37408453651391504
2020,GİRESUN,448721,17654,17368,286,35022,39.34293246805922,38.70556537358403,0.6375702776328754,78.04849784164325,1.0164670658682635
2020,HAKKARİ,280514,7227,8421,-1194,15648,25.763420007557556,30.019892055298488,-4.247432508866605,55.78331206285604,0.8582116138225864
2020,HATAY,1659320,35160,29265,5895,64425,21.189402887929994,17.636742762095317,3.5589820526481817,38.82614565002531,1.2014351614556638
2020,ISPARTA,440304,12879,17905,-5026,30784,29.250245285075767,40.665085940622845,-11.350061086182329,69.91533122569861,0.7192962859536443
2020,IĞDIR,201314,7452,7266,186,14718,37.016799626454194,36.092869845117576,0.9243568017254661,73.10966947157178,1.0255986787778695
2020,KAHRAMANMARAŞ,1168163,25056,23696,1360,48752,21.449061475153723,20.28484038614474,1.1648991891102483,41.73390186129846,1.0573936529372046
2020,KARABÜK,243614,8148,12750,-4602,20898,33.44635365783576,52.33689361038364,-18.713783217778502,85.7832472682194,0.6390588235294118
2020,KARAMAN,254919,8074,8304,-230,16378,31.67280587166904,32.57505325220953,-0.9018405389085377,64.24785912387857,0.9723025048169557
2020,KARS,284923,8168,12910,-4742,21078,28.667394348648582,45.31048739484001,-16.5057397648402,73.9778817434886,0.6326878388845856
2020,KASTAMONU,376377,14177,15328,-1151,29505,37.667020035762015,40.72512401129718,-3.053435114503817,78.3921440470592,0.9249086638830898
2020,KAYSERİ,1421455,31766,30033,1733,61799,22.34752419176126,21.128350879908265,1.2199169569512918,43.47587507166952,1.0577031931541971
2020,KIRIKKALE,278703,8597,13021,-4424,21618,30.846456622282503,46.719985073716465,-15.748536034031646,77.56644169599896,0.6602411489132939
2020,KIRKLARELİ,361737,13852,11596,2256,25448,38.293013985298714,32.0564387939304,6.256083458815504,70.34945277922911,1.1945498447740601
2020,KIRŞEHİR,243042,9960,10835,-875,20795,40.98057125928852,44.58077204762963,-3.593731710472545,85.56134330691815,0.9192431933548685
2020,KOCAELİ,1997258,75093,52543,22550,127636,37.59804692233052,26.30756767528281,11.354578563864846,63.90561459761333,1.4291722969758103
2020,KONYA,2250020,43788,48780,-4992,92568,19.461160345241375,21.67980729060186,-2.216188475464769,41.14096763584324,0.8976629766297664
2020,KÜTAHYA,576688,15347,18688,-3341,34035,26.61231029603529,32.405737591210496,-5.776693867212119,59.01804788724579,0.8212221746575342
2020,KİLİS,142792,5035,6432,-1397,11467,35.261079052047734,45.044540310381535,-9.735836170338803,80.30561936242927,0.7828047263681592
2020,MALATYA,806156,24198,23329,869,47527,30.016522856618323,28.93856772138395,1.0785364421825656,58.95509057800227,1.0372497749582066
2020,MANİSA,1450616,37003,29833,7170,66836,25.508473641542626,20.5657458624474,4.954973321234998,46.07421950399003,1.2403378808701773
2020,MARDİN,854716,25373,24744,629,50117,29.68588396613612,28.949967006584643,0.7361878461121616,58.63585097272076,1.0254203039120595
2020,MERSİN,1868757,53325,40242,13083,93567,28.53501016986157,21.534099939157418,7.025502687524618,50.06911010901899,1.3251080960190846
2020,MUĞLA,1000773,41468,28088,13380,69556,41.435969995193716,28.06630474643101,13.459640693986318,69.50227474162472,1.4763600113927655
2020,MUŞ,411117,11720,16548,-4828,28268,28.50769975457108,40.25131531899678,-11.675061845423922,68.75901507356787,0.7082426879381194
2020,NEVŞEHİR,304962,9309,8958,351,18267,30.52511460444252,29.3741515336337,1.1516258101982864,59.89926613807622,1.039182853315472
2020,NİĞDE,362071,11349,13588,-2239,24937,31.344681015601914,37.52855103004659,-6.1648088262220515,68.8732320456485,0.8352222549308214
2020,ORDU,761400,26898,21406,5492,48304,35.327029156816394,28.114000525348043,7.239136681543892,63.441029682164434,1.2565635803045876
2020,OSMANİYE,548556,17734,14954,2780,32688,32.32851340610621,27.260662539467255,5.080725045050314,59.589175945573466,1.1859034372074362
2020,RİZE,344359,13143,13290,-147,26433,38.166564544559606,38.5934446319103,-0.42678899348929034,76.76000917646991,0.9889390519187359
2020,SAKARYA,1042649,30929,24888,6041,55817,29.66386578800728,23.86996966380824,5.8107295057801895,53.53383545181552,1.242727418836387
2020,SAMSUN,1356079,43054,35442,7612,78496,31.748887786036065,26.135645489680172,5.629040881537973,57.88453327571624,1.2147734326505277
2020,SİNOP,216460,10292,11070,-778,21362,47.5468908805322,51.14108842280329,-3.587750001152876,98.6879793033355,0.9297199638663053
2020,SİVAS,635889,18490,23885,-5395,42375,29.077401873597434,37.5615870065373,-8.448346465200878,66.63898888013475,0.7741260205149676
2020,SİİRT,331070,9044,12958,-3914,22002,27.317485728093757,39.139758963361224,-11.752800823957216,66.45724469145497,0.6979472140762464
2020,TEKİRDAĞ,1081065,50764,28468,22296,79232,46.957398491302555,26.333291707714153,20.838999660721345,73.29069019901671,1.78319516650274
2020,TOKAT,597861,24840,41746,-16906,66586,41.54811904439326,69.82559491252984,-27.883242016512895,111.3737139569231,0.595027068461649
2020,TRABZON,811901,23761,24506,-745,48267,29.265883402040398,30.18348296159261,-0.9171787581399615,59.449366363633004,0.9695992818085367
2020,TUNCELİ,83443,5791,6311,-520,12102,69.40066871996453,75.63246767254293,-6.212441609022377,145.03313639250746,0.9176041831722389
2020,UŞAK,369433,8756,10428,-1672,19184,23.701185329951574,28.227039815067954,-4.515635929553919,51.92822514501953,0.8396624472573839
2020,VAN,1149342,26621,38114,-11493,64735,23.16194831477489,33.16158288829609,-9.949886956713707,56.32353120307098,0.6984572597995488
2020,YALOVA,276050,14661,10281,4380,24942,53.10994385075168,37.24325303387067,15.993573358650405,90.35319688462235,1.426028596440035
2020,YOZGAT,419095,14109,17604,-3495,31713,33.6653980601057,42.00479604862859,-8.304769599078039,75.6701941087343,0.8014655760054533
2020,ZONGULDAK,591204,15243,19593,-4350,34836,25.78297846428644,33.14084478454138,-7.33089644224012,58.923823248827816,0.7779819323227684
2020,ÇANAKKALE,541548,21055,19022,2033,40077,38.87928678528958,35.125233589635634,3.76111290461333,74.00452037492522,1.1068762485543056
2020,ÇANKIRI,192428,9955,12614,-2659,22569,51.733635437670195,65.55179079967573,-13.723339741687418,117.28542623734592,0.7892024734422071
2020,ÇORUM,530126,15672,15051,621,30723,29.562783187393187,28.391363562624736,1.1721061388351228,57.95414675001792,1.041259716962328
2020,İSTANBUL,15462452,328632,381654,-53022,710286,21.253550213122733,24.68263118941291,-3.423211741160464,45.93618140253564,0.8610731185838482
2020,İZMİR,4394694,107172,92400,14772,199572,24.38668084740371,21.02535466633172,3.3669849484011607,45.412035513735425,1.15987012987013
2020,ŞANLIURFA,2115256,37720,47194,-9474,84914,17.83235693457435,22.31124743293483,-4.468882680273001,40.143604367509184,0.7992541424757384
2020,ŞIRNAK,537762,14461,15008,-547,29469,26.891078209319364,27.90825681249326,-1.0166615399913204,54.799335021812624,0.9635527718550106
2021,ADANA,2263373,53649,65628,-11979,119277,23.703119194229142,28.995662668062224,-5.278574930184138,52.69878186229137,0.8174712013165113
2021,ADIYAMAN,632148,17598,24860,-7262,42458,27.838417585755234,39.32623373007587,-11.42220803140714,67.16465131583111,0.7078841512469831
2021,AFYONKARAHİSAR,744179,24643,25327,-684,49970,33.11434480145234,34.03347850449959,-0.918711493698633,67.14782330595193,0.972993248312078
2021,AKSARAY,429069,14210,15529,-1319,29739,33.11821641740606,36.19231405671349,-3.0693798526278804,69.31053047411955,0.9150621417992144
2021,AMASYA,335331,15244,14540,704,29784,45.45956085181507,43.3601426650086,2.1016242809250727,88.81970351682368,1.0484181568088033
2021,ANKARA,5747325,197702,165604,32098,363306,34.398959515948725,28.814100472828663,5.600498039180105,63.21305998877739,1.19382382068066
2021,ANTALYA,2619832,88305,80505,7800,168810,33.70635979711676,30.72906965026765,2.9817288828608697,64.43542944738441,1.09688839202534
2021,ARDAHAN,94932,4750,6445,-1695,11195,50.03581510976278,67.89070071208866,-17.69689756158677,117.92651582185142,0.7370054305663305
2021,ARTVİN,169543,8238,8224,14,16462,48.58944338604366,48.50686846404747,0.08257833144582861,97.09631185009113,1.0017023346303502
2021,AYDIN,1134031,46485,37246,9239,83731,40.99094292836792,32.84389932903069,8.180366500606732,73.8348422573986,1.248053482253128
2021,AĞRI,524644,14858,34800,-19942,49658,28.320156143975723,66.3306928126501,-37.301609569503285,94.65084895662582,0.42695402298850577
2021,BALIKESİR,1250610,50218,40287,9931,90505,40.154804455425754,32.21387962674215,7.972579656555301,72.3686840821679,1.2465063171742745
2021,BARTIN,201711,10907,8794,2113,19701,54.07241052793353,43.5970274303335,10.530538811738586,97.66943795826703,1.240277461905845
2021,BATMAN,626319,19002,24411,-5409,43413,30.339172210965977,38.97534642889646,-8.599042802057475,69.31451863986243,0.7784195649502273
2021,BAYBURT,85042,9019,6382,2637,15401,106.05347945720938,75.04527174807743,31.496533231410535,181.0987512052868,1.4131933563146348
2021,BOLU,320014,18470,14162,4308,32632,57.71622491515996,44.25431387376802,13.553136601019316,101.97053878892798,1.3041943228357578
2021,BURDUR,273716,15859,11489,4370,27348,57.939616244574665,41.9741630010668,16.093926660307663,99.91377924564146,1.3803638262686047
2021,BURSA,3147818,92019,76678,15341,168697,29.23263034902272,24.359095729168587,4.885439298631672,53.59172607819131,1.2000704243720492
2021,BİLECİK,228334,11974,8855,3119,20829,52.44072280080934,38.780908668879796,13.753750972882754,91.22163146968914,1.3522303783173348
2021,BİNGÖL,283112,12027,13376,-1349,25403,42.481420780468504,47.24631947780384,-4.753573549129363,89.72774025827235,0.8991477272727273
2021,BİTLİS,352277,14158,18814,-4656,32972,40.18996414753163,53.40683609772991,-13.130102508424867,93.59680024526155,0.7525247156372914
2021,DENİZLİ,1051056,30589,27480,3109,58069,29.103111537349104,26.145134036626022,2.9623587960569853,55.248245573975126,1.113136826783115
2021,DÜZCE,400976,16828,14191,2637,31019,41.96759905829775,35.39114560472447,6.5981496656512135,77.35874466302222,1.1858219998590656
2021,DİYARBAKIR,1791373,40414,60761,-20347,101175,22.56034896138325,33.91867578667313,-11.294185301350812,56.47902474805638,0.665130593637366
2021,EDİRNE,412115,19443,15822,3621,35265,47.17857879475389,38.39219635295973,8.825153026593664,85.57077514771362,1.2288585513841486
2021,ELAZIĞ,588088,20800,22429,-1629,43229,35.36885636163295,38.138849968032,-2.7661624802068254,73.50770632966494,0.9273708145704223
2021,ERZURUM,756893,28554,36798,-8244,65352,37.72527953092445,48.617175743467044,-10.832900796961953,86.3424552743915,0.7759660851133213
2021,ERZİNCAN,237351,16049,13564,2485,29613,67.61715771157485,57.1474314411989,10.524822274505153,124.76458915277374,1.18320554408729
2021,ESKİŞEHİR,898369,36776,31532,5244,68308,40.93640809066208,35.099163038795865,5.854331636053484,76.03557112945794,1.1663072434352404
2021,GAZİANTEP,2130432,50203,57475,-7272,107678,23.564704247776977,26.978096461187214,-3.4075765158373583,50.542800708964194,0.8734754240974336
2021,GÜMÜŞHANE,150119,14114,11611,2503,25725,94.01874512886444,77.34530605719462,16.813609417770838,171.36405118605907,1.2155714408750322
2021,GİRESUN,450154,21392,19575,1817,40967,47.52151485935924,43.48511842613861,4.044559155294822,91.00663328549786,1.092822477650064
2021,HAKKARİ,278218,7886,13088,-5202,20974,28.344679352162693,47.04224744624719,-18.524387594856474,75.38692679840987,0.6025366748166259
2021,HATAY,1670712,35929,49001,-13072,84930,21.505202572316474,29.32941165203817,-7.793719235318808,50.834614224354645,0.7332299340829779
2021,ISPARTA,445678,22632,19998,2634,42630,50.78105717580854,44.87096064871948,5.9276129093237255,95.65201782452802,1.1317131713171318
2021,IĞDIR,203159,7563,10173,-2610,17736,37.22699954223047,50.07407990785542,-12.76508333985445,87.3010794500859,0.7434385137127691
2021,KAHRAMANMARAŞ,1171298,27246,35647,-8401,62893,23.261373279899736,30.433758104256988,-7.146755185140602,53.695131384156724,0.764327993940584
2021,KARABÜK,249287,16168,11598,4570,27766,64.85697208438467,46.52468841134917,18.50187447874916,111.38166049573384,1.3940334540438006
2021,KARAMAN,258838,12420,10885,1535,23305,47.98368091238535,42.053330654695216,5.9479870810495585,90.03701156708057,1.1410197519522278
2021,KARS,281077,11259,16471,-5212,27730,40.0566392838973,58.599600821127304,-18.37262014290599,98.65624010502461,0.6835650537307996
2021,KASTAMONU,375592,18463,17241,1222,35704,49.15706404822254,45.90353362158938,3.258831780810228,95.06059766981193,1.0708775593063047
2021,KAYSERİ,1434357,40628,39915,713,80543,28.324887039976797,27.82780019200241,0.4972104263561972,56.15268723197921,1.0178629587874233
2021,KIRIKKALE,275968,13449,16187,-2738,29636,48.733911178107604,58.65535134508349,-9.872465628459238,107.38926252319109,0.8308519182059677
2021,KIRKLARELİ,366363,17846,13855,3991,31701,48.7112508632149,37.817683554289054,10.953227167626093,86.52893441750395,1.2880548538433778
2021,KIRŞEHİR,242944,11676,13193,-1517,24869,48.0604583772392,54.30469573234984,-6.22480278208061,102.36515410958904,0.8850147805654514
2021,KOCAELİ,2033441,83959,66332,17627,150291,41.289125182387885,32.62056779616424,8.706292885975321,73.90969297855212,1.2657390098293433
2021,KONYA,2277017,64254,58865,5389,123119,28.21849814911351,25.851805234655693,2.369496850160872,54.0703033837692,1.0915484583368724
2021,KÜTAHYA,578640,21913,21052,861,42965,37.86983271118485,36.381860915249554,1.4890796501959929,74.2516936264344,1.0408987269618089
2021,KİLİS,145826,7474,7262,212,14736,51.25286300111091,49.79907561065928,1.4548449080428218,101.0519386117702,1.0291930597631507
2021,MALATYA,808692,28521,31737,-3216,60258,35.26806250092742,39.24485465418231,-3.9689004072565717,74.51291715510973,0.8986671708100955
2021,MANİSA,1456626,43325,40605,2720,83930,29.743393293817356,27.876064274563273,1.8690741074140398,57.619457568380625,1.0669868242827238
2021,MARDİN,862757,28641,35957,-7316,64598,33.197064758674806,41.67685686699731,-8.443990466462376,74.87392162567212,0.7965347498400868
2021,MERSİN,1891145,57213,57930,-717,115143,30.25310063480061,30.632236026322676,-0.37906353332150855,60.88533666112329,0.987622993267737
2021,MUĞLA,1021141,49545,35133,14412,84678,48.51925444184496,34.40563056424137,14.213928900767801,82.92488500608633,1.4102126206130987
2021,MUŞ,405228,12190,24243,-12053,36433,30.081830475682825,59.825579673665196,-29.307885992736857,89.90741014934802,0.502825557893
2021,NEVŞEHİR,308003,13646,12396,1250,26042,44.30476326529287,40.2463612367412,4.066654087150024,84.55112450203407,1.100838980316231
2021,NİĞDE,363725,16287,16506,-219,32793,44.77833528077531,45.38043851811121,-0.6019220277351378,90.15877379888651,0.9867320974191203
2021,ORDU,760872,27516,28547,-1031,56063,36.163769990221745,37.51879422557276,-1.3541068115775476,73.68256421579451,0.9638841209233895
2021,OSMANİYE,553012,18648,22445,-3797,41093,33.72078725235619,40.5868227090913,-6.842544878858843,74.3076099614475,0.830830920026732
2021,RİZE,345662,15956,15605,351,31561,46.160700337323746,45.14525750588725,1.0159586554033226,91.305957843211,1.0224927907721884
2021,SAKARYA,1060876,40379,31048,9331,71427,38.06194126363496,29.266379859663147,8.834413215926181,67.32832112329811,1.3005346560164905
2021,SAMSUN,1371274,47471,45791,1680,93262,34.61817258986898,33.393034506597516,1.2258890249366259,68.01120709646649,1.036688432224673
2021,SİNOP,218408,13211,10548,2663,23759,60.487711072854474,48.29493425149262,12.267564660384704,108.78264532434709,1.252464922260144
2021,SİVAS,636121,25720,28285,-2565,54005,40.4325592143633,44.464810940057,-4.024138555875517,84.8973701544203,0.9093158918154499
2021,SİİRT,331980,12670,16340,-3670,29010,38.164949695764804,49.219832520031325,-10.994113505983853,87.38478221579614,0.7753977968176254
2021,TEKİRDAĞ,1113400,60190,37516,22674,97706,54.0596371474762,33.69498832405245,20.57414140570911,87.75462547152866,1.604382130291076
2021,TOKAT,602567,35555,31400,4155,66955,59.00588648233308,52.1103877245186,6.91935495957881,111.11627420685168,1.1323248407643312
2021,TRABZON,816684,29914,29442,472,59356,36.62861033153582,36.05066341449079,0.578113976640276,72.67927374602661,1.0160315195978533
2021,TUNCELİ,83645,7054,6517,537,13571,84.33259609062108,77.91260685037958,6.440663736184656,162.24520294100066,1.0823998772441308
2021,UŞAK,373183,13705,12231,1474,25936,36.724609641918306,32.774804854454786,3.957620702061507,69.49941449637309,1.1205134494317717
2021,VAN,1141015,30318,58185,-27867,88503,26.5710792583796,50.99407106830322,-24.12834858004491,77.56515032668283,0.5210621294147977
2021,YALOVA,291001,16965,11564,5401,28529,58.298768732753494,39.738695056030735,18.733925192637543,98.03746378878424,1.467052922864061
2021,YOZGAT,418500,18320,22928,-4608,41248,43.775388291517324,54.786140979689364,-10.950466250320815,98.5615292712067,0.7990230286113049
2021,ZONGULDAK,589684,20883,21991,-1108,42874,35.41388268971178,37.29285515632101,-1.8772088547331753,72.7067378460328,0.9496157518985039
2021,ÇANAKKALE,557276,31210,19429,11781,50639,56.00456506291317,34.864232444964436,21.366176658617245,90.8687975078776,1.6063616243759329
2021,ÇANKIRI,196515,15288,12457,2831,27745,77.79558812304404,63.38956313767397,14.510544619540285,141.18515126071802,1.2272617805250061
2021,ÇORUM,526282,18029,22011,-3982,40040,34.257299318616255,41.82358507416176,-7.537769297314078,76.08088439277802,0.8190904547726137
2021,İSTANBUL,15840900,385328,408165,-22837,793493,24.32488053077792,25.766528416946006,-1.4406094603764112,50.09140894772393,0.9440495877892519
2021,İZMİR,4425789,131394,109470,21924,240864,29.688265753292804,24.734572750756982,4.965993004935414,54.422838504049786,1.200274047684297
2021,ŞANLIURFA,2143020,40371,66987,-26616,107358,18.838368284010414,31.258224374947503,-12.343205671864391,50.09659265895792,0.6026691746159702
2021,ŞIRNAK,546589,17072,20431,-3359,37503,31.233705764294562,37.379091053789956,-6.126560252868805,68.61279681808452,0.8355929714649307
2022,ADANA,2274106,55018,62156,-7138,117174,24.19324341081726,27.33205927955865,-3.133897505131329,51.52530269037591,0.8851599202007852
2022,ADIYAMAN,635169,18780,23359,-4579,42139,29.566934154532102,36.776039132892194,-7.1832127111019775,66.34297328742429,0.8039727728070551
2022,AFYONKARAHİSAR,747555,23667,25425,-1758,49092,31.659209021409797,34.01087545397998,-2.3489045126223553,65.67008447538977,0.9308554572271387
2022,AKSARAY,433055,14264,14147,117,28411,32.93807945872926,32.66790592418977,0.27021003633978563,65.60598538291903,1.0082703046582315
2022,AMASYA,338267,15217,13847,1370,29064,44.985174433214,40.935119299251774,4.058273249166128,85.92029373246578,1.0989383982089984
2022,ANKARA,5782285,189104,161912,27192,351016,32.704026176502886,28.001386994933664,4.713722649981651,60.705413171436554,1.167943080191709
2022,ANTALYA,2688004,92004,78986,13018,170990,34.22762763745887,29.38462889192129,4.854754530588347,63.61225652938016,1.1648140176740183
2022,ARDAHAN,92481,5391,8157,-2766,13548,58.293054789632464,88.20190093100204,-29.468166709281515,146.49495572063452,0.6609047443913203
2022,ARTVİN,169403,9983,9879,104,19862,58.93047938938508,58.31655873862918,0.6141091579028172,117.24703812801427,1.0105273813138982
2022,AYDIN,1148241,45705,36499,9206,82204,39.804361627916094,31.78688097707711,8.049750008306825,71.5912426049932,1.2522260883859833
2022,AĞRI,510626,16871,37676,-20805,54547,33.039837376083476,73.78394362997575,-39.930637191631554,106.82378100605924,0.4477916976324451
2022,BALIKESİR,1257590,49652,40975,8677,90627,39.48186610898624,32.58216111769337,6.923590356763985,72.0640272266796,1.2117632702867602
2022,BARTIN,203351,9990,8634,1356,18624,49.126879140009144,42.458606055539434,6.690580393046928,91.58548519554859,1.1570535093815149
2022,BATMAN,634491,20528,24070,-3542,44598,32.353492799740266,37.93592028886147,-5.566889111718129,70.28941308860173,0.8528458662235148
2022,BAYBURT,84241,7031,8232,-1201,15263,83.46292185515367,97.7196377061051,-14.155808183495106,181.18255956125876,0.8541059280855199
2022,BOLU,320824,15750,14224,1526,29974,49.092337231628555,44.33583522429743,4.767841130284539,93.42817245592599,1.1072834645669292
2022,BURDUR,273799,14684,13187,1497,27871,53.63058301892995,48.163068528373,5.482502320999229,101.79365154730294,1.1135208917873662
2022,BURSA,3194720,90863,70447,20416,161310,28.441616166675015,22.051071768417888,6.411029382209896,50.4926879350929,1.28980652121453
2022,BİLECİK,228673,12078,9453,2625,21531,52.8177790994127,41.33850520175097,11.545541112022537,94.15628430116367,1.2776896223421137
2022,BİNGÖL,282556,11900,14926,-3026,26826,42.115545237050355,52.824926740186015,-10.652341508577141,94.94047197723637,0.7972665148063781
2022,BİTLİS,353988,15111,19885,-4774,34996,42.68788772500763,56.17422059504842,-13.396001403016486,98.86210832005605,0.7599195373397033
2022,DENİZLİ,1056332,29528,26478,3050,56006,27.953332853686153,25.0659830432099,2.8915242314470797,53.01931589689605,1.1151899690308935
2022,DÜZCE,405131,17049,15220,1829,32269,42.082684366291396,37.568095258077015,4.524802921206828,79.65077962436841,1.1201708278580815
2022,DİYARBAKIR,1804880,45963,59751,-13788,105714,25.465958955720048,33.10524799432649,-7.610220700815885,58.57120695004654,0.7692423557764724
2022,EDİRNE,414714,19699,16197,3502,35896,47.500204960527014,39.05583124755856,8.480178611643174,86.55603620808557,1.2162128789281965
2022,ELAZIĞ,591497,21060,22271,-1211,43331,35.60457618550897,37.65192384745823,-2.0452539889630597,73.2565000329672,0.9456243545417808
2022,ERZURUM,749754,26629,39159,-12530,65788,35.516982903725754,52.22913115501885,-16.573657540352823,87.7461140587446,0.6800224724839756
2022,ERZİNCAN,239223,15946,15542,404,31488,66.65747022652504,64.96866940051751,1.6902280552754778,131.62613962704256,1.025994080555913
2022,ESKİŞEHİR,906617,37278,29766,7512,67044,41.117693579538,32.831945573489136,8.320217619323461,73.94963915302714,1.2523684740979641
2022,GAZİANTEP,2154051,50192,55699,-5507,105891,23.301212459686422,25.857790739402176,-2.5533144056403816,49.1590031990886,0.901129284188226
2022,GÜMÜŞHANE,144544,11496,15580,-4084,27076,79.5328758025238,107.78724817356652,-27.860777973339882,187.32012397609031,0.7378690629011553
2022,GİRESUN,450862,20947,20130,817,41077,46.45989238392235,44.64780797672015,1.8137277210633285,91.1077003606425,1.0405861897665176
2022,HAKKARİ,275333,9783,13928,-4145,23711,35.531520013946746,50.58601765861702,-14.942025302310157,86.11753767256377,0.7023980470993682
2022,HATAY,1686043,39530,47597,-8067,87127,23.445428141512405,28.230003623869617,-4.773156718053887,51.67543176538202,0.8305145282265689
2022,ISPARTA,445325,20948,20653,295,41601,47.03980239151182,46.37736484589906,0.662657030061043,93.41716723741088,1.0142836391807486
2022,IĞDIR,203594,9827,11673,-1846,21500,48.267630676739,57.33469552147902,-9.026144525882934,105.60232619821802,0.8418572774779406
2022,KAHRAMANMARAŞ,1177436,29319,34501,-5182,63820,24.900716472063024,29.301804938867164,-4.391424941971667,54.20252141093019,0.849801455030289
2022,KARABÜK,252058,13801,12987,814,26788,54.75327107253093,51.52385562053178,3.2346384476914456,106.27712669306271,1.0626780626780628
2022,KARAMAN,260838,11387,10969,418,22356,43.65544897599276,42.052921736863496,1.6038123155903603,85.70837071285625,1.0381073935636795
2022,KARS,274829,11568,18787,-7219,30355,42.09162788497575,68.35887042488238,-25.926730678408337,110.45049830985813,0.6157449300047906
2022,KASTAMONU,378115,19960,16321,3639,36281,52.78817291035796,43.16411673697156,9.670591330483623,95.95228964732952,1.2229642791495619
2022,KAYSERİ,1441523,38374,38902,-528,77276,26.620456281308034,26.986735556768778,-0.3662122074897332,53.607191838076815,0.9864274330368619
2022,KIRIKKALE,277046,14645,14703,-58,29348,52.86125769727771,53.07060921291049,-0.2093296038978616,105.9318669101882,0.9960552268244576
2022,KIRKLARELİ,369347,18230,13843,4387,32073,49.35737937495092,37.47966004868051,11.948680865087763,86.83703942363144,1.3169110741891208
2022,KIRŞEHİR,244519,13231,11934,1297,25165,54.11031453588474,48.806023253816676,5.318396444014343,102.91633778970142,1.1086810792693145
2022,KOCAELİ,2079072,89685,62534,27151,152219,43.137034215265274,30.077842422003663,13.145023484668215,73.21487663726893,1.4341798061854352
2022,KONYA,2296347,57578,57765,-187,115343,25.073736678298182,25.155170364060833,-0.08143037017506005,50.22890704235902,0.9967627456072016
2022,KÜTAHYA,580701,20014,21209,-1195,41223,34.46524114819847,36.52309880644256,-2.055742445576584,70.98833995464103,0.9436559950964213
2022,KİLİS,147919,8008,7629,379,15637,54.137737545548575,51.57552444243133,2.565499781695599,105.7132619879799,1.0496788569930529
2022,MALATYA,812580,28684,30104,-1420,58788,35.299908932043614,37.04742917620419,-1.7459946636501125,72.3473381082478,0.9528301886792453
2022,MANİSA,1468279,43466,37527,5939,80993,29.6033655728918,25.55849399194567,4.053068652049277,55.16185956483747,1.1582593865749993
2022,MARDİN,870374,28747,36382,-7635,65129,33.02833034994152,41.80042142802979,-8.733784302409711,74.8287517779713,0.7901434775438404
2022,MERSİN,1916432,60984,57001,3983,117985,31.821635205423412,29.743293787621997,2.080503416011101,61.564928993045406,1.0698759670882967
2022,MUĞLA,1048185,49179,36702,12477,85881,46.918244393880855,35.01481131670459,11.974703115754984,81.93305571058544,1.3399542259277424
2022,MUŞ,399202,13847,24941,-11094,38788,34.68669996643303,62.477141898086686,-27.409579764248953,97.16384186451971,0.5551902489876107
2022,NEVŞEHİR,310011,12803,12029,774,24832,41.298534568128225,38.80184896664957,2.4998062165723587,80.1003835347778,1.064344500789758
2022,NİĞDE,365419,15801,15661,140,31462,43.24077292094828,42.857651079993104,0.38319524618926015,86.09842400094138,1.008939403614073
2022,ORDU,763190,28878,27184,1694,56062,37.83854610254327,35.618915342182156,2.222096877652185,73.45746144472542,1.0623160682754562
2022,OSMANİYE,559405,20565,21827,-1262,42392,36.762274202053966,39.018242597045074,-2.2534265654350794,75.78051679909905,0.9421817015622852
2022,RİZE,344016,14716,16938,-2222,31654,42.77708013580764,49.23608204269569,-6.438209702515306,92.01316217850332,0.8688156807179124
2022,SAKARYA,1080080,41396,31141,10255,72537,38.3267906081031,28.83212354640397,9.539956416678876,67.15891415450707,1.3293086284961948
2022,SAMSUN,1368488,48681,43757,4924,92438,35.572836590456035,31.974704929820355,3.6046166031978895,67.5475415202764,1.1125305665379253
2022,SİNOP,220799,14155,11291,2864,25446,64.10808019963858,51.13700696108225,13.055746762275092,115.24508716072084,1.2536533522274378
2022,SİVAS,634924,24583,27668,-3085,52251,38.71801979449509,43.576869042594076,-4.847073648023894,82.29488883708916,0.8884993494289432
2022,SİİRT,331311,12356,17607,-5251,29963,37.29426430151731,53.14342113603231,-15.724546433229072,90.43768543754962,0.7017663429317885
2022,TEKİRDAĞ,1142451,63354,37969,25385,101323,55.45445712770176,33.23468577645781,22.469403859320376,88.68914290415957,1.668571729568859
2022,TOKAT,596454,28325,35358,-7033,63683,47.488993283639644,59.280346849882804,-11.722243010281339,106.76934013352245,0.8010916907064879
2022,TRABZON,818023,28168,30339,-2171,58507,34.43423962406925,37.08819923156195,-2.6504425237926355,71.5224388556312,0.928441939417911
2022,TUNCELİ,84366,8081,7578,503,15659,95.78503188488254,89.82291444420738,5.979944004898085,185.6079463290899,1.0663763525996306
2022,UŞAK,375454,13255,12313,942,25568,35.3039253810054,32.794962898251185,2.5121138824960063,68.09888827925658,1.0765045074311703
2022,VAN,1128749,33903,62422,-28519,96325,30.03590700855549,55.30193160746986,-24.950820575700007,85.33783861602535,0.5431258210246388
2022,YALOVA,296333,18466,12007,6459,30473,62.31503072556887,40.51860575771176,22.036584346485114,102.83363648328063,1.5379362038810693
2022,YOZGAT,418442,19580,22042,-2462,41622,46.79262597922771,52.67635657988443,-5.866472229569212,99.46898255911213,0.8883041466291625
2022,ZONGULDAK,588510,20334,21695,-1361,42029,34.55166437273793,36.86428437919491,-2.3099489893336704,71.41594875193285,0.9372666513021434
2022,ÇANAKKALE,559383,27747,22233,5514,49980,49.60286601487711,39.74557682303538,9.90611290166108,89.34844283791249,1.2480097152880854
2022,ÇANKIRI,195766,13649,14061,-412,27710,69.72099343093285,71.82554682631304,-2.1023411507766414,141.5465402572459,0.9706990967925467
2022,ÇORUM,524130,18723,20448,-1725,39171,35.72205368897029,39.0132219105947,-3.2857612251603596,74.735275599565,0.9156396713615024
2022,İSTANBUL,15907951,385294,418082,-32788,803376,24.22021541303465,26.281323094344458,-2.058985785600601,50.50153850737911,0.9215751933831162
2022,İZMİR,4462056,132426,107312,25114,239738,29.678246978522907,24.049899866787868,5.644230957238107,53.728146845310775,1.2340278813180259
2022,ŞANLIURFA,2170110,45648,68264,-22616,113912,21.034878416301478,31.456469948527953,-10.367568251476792,52.491348364829435,0.6686979960154693
2022,ŞIRNAK,557605,20096,23469,-3373,43565,36.03984899704988,42.08893392275894,-6.030844380792485,78.12878291980883,0.856278495036005
2023,ADANA,2270298,66104,77898,-11794,144002,29.116882453316702,34.31179519164444,-5.181454137277342,63.42867764496115,0.8485968831035456
2023,ADIYAMAN,604978,23294,48372,-25078,71666,38.50387947991497,79.95662652195617,-40.611027712597384,118.46050600187114,0.48155957992226905
2023,AFYONKARAHİSAR,751344,30431,26427,4004,56858,40.502086926893675,35.17297003769246,5.34335456974252,75.67505696458613,1.1515117115071707
2023,AKSARAY,438504,20400,15112,5288,35512,46.52181051940233,34.462627478882744,12.132336071215528,80.98443799828507,1.3499205929062996
2023,AMASYA,339529,19307,15046,4261,34353,56.86406757596553,44.314329556532726,12.628983234958069,101.17839713249826,1.2831981922105542
2023,ANKARA,5803482,232700,208740,23960,441440,40.09661785803764,35.968061932474335,4.1370960417522085,76.06467979051197,1.1147839417457124
2023,ANTALYA,2696249,118356,88758,29598,207114,43.89653922912906,32.919066451206845,11.038057767252793,76.8156056803359,1.3334685324139797
2023,ARDAHAN,92819,6856,6811,45,13667,73.86418728924035,73.3793727577328,0.48493208256776926,147.24356004697313,1.0066069593304947
2023,ARTVİN,172356,13425,10352,3073,23777,77.89110909977025,60.06173269279863,17.989749413854977,137.95284179256888,1.2968508500772797
2023,AYDIN,1161702,52916,41605,11311,94521,45.55040793594227,35.81383177441375,9.78420850718375,81.36423971035602,1.2718663622160797
2023,AĞRI,511238,23324,30696,-7372,54020,45.62258674042227,60.04248510478486,-14.31667585896171,105.66507184520712,0.7598384154287203
2023,BALIKESİR,1273519,60574,43098,17476,103672,47.564268770234285,33.84166235446821,13.8174118681416,81.40593112470249,1.4054944544990486
2023,BARTIN,207238,13197,8926,4271,22123,63.68040610312781,43.07125141142068,20.823734474226303,106.75165751454848,1.4784898050638584
2023,BATMAN,647205,27888,25138,2750,53026,43.089901963056526,38.84086185984348,4.258086493349643,81.9307638229,1.1093961333439415
2023,BAYBURT,86047,10202,8309,1893,18511,118.56311085801946,96.56350599091195,22.244287636382865,215.1266168489314,1.2278252497292093
2023,BOLU,324789,18099,15105,2994,33204,55.72540941965399,46.507116928221095,9.260977691993615,102.23252634787508,1.1982125124131082
2023,BURDUR,277452,18013,14536,3477,32549,64.9229416259389,52.3910442166573,12.610916766861253,117.3139858425962,1.2391992294991745
2023,BURSA,3214571,95935,89763,6172,185698,29.84379564178237,27.923788275325073,1.9218523517936406,57.767583917107444,1.068758842730301
2023,BİLECİK,228058,13762,11323,2439,25085,60.34429838023661,49.64965052749739,10.752143044500823,109.993948907734,1.215402278548088
2023,BİNGÖL,285655,15784,14325,1459,30109,55.255465509093135,50.14790569043076,5.12063679804019,105.4033711995239,1.101849912739965
2023,BİTLİS,359747,19286,19795,-509,39081,53.60989806725282,55.02478130463909,-1.4138829977097318,108.6346793718919,0.9742864359686789
2023,DENİZLİ,1059082,32655,29994,2661,62649,30.833306580604713,28.32075325612181,2.5157137569646557,59.154059836726525,1.0887177435487096
2023,DÜZCE,409865,19891,16124,3767,36015,48.53061373867005,39.33978261134764,9.233261802312114,87.87039635001769,1.2336268915901762
2023,DİYARBAKIR,1818133,49440,63878,-14438,113318,27.19273012480385,35.133843343693776,-7.909707278376993,62.32657346849763,0.773975390588309
2023,EDİRNE,419913,22281,17181,5100,39462,53.0609912053211,40.91561823520586,12.219578640176538,93.97660944052697,1.2968395320412083
2023,ELAZIĞ,604411,35924,24456,11468,60380,59.43637690247199,40.462532945297156,19.155571368200214,99.89890984776915,1.4689237814851162
2023,ERZURUM,749993,34129,38115,-3986,72244,45.505758053741836,50.820474324427025,-5.300630596846218,96.32623237816887,0.8954217499672045
2023,ERZİNCAN,243399,19786,19054,732,38840,81.29039149708915,78.28298390708261,3.0119366505783165,159.57337540417174,1.0384171302613625
2023,ESKİŞEHİR,915418,45072,34020,11052,79092,49.23652364275118,37.16335051309893,12.146496507277787,86.39987415585011,1.324867724867725
2023,GAZİANTEP,2164134,65524,73835,-8311,139359,30.2772379159516,34.11757312624819,-3.8329752553798744,64.39481104219979,0.8874382068124873
2023,GÜMÜŞHANE,148539,24177,13873,10304,38050,162.76533435663362,93.39634708729695,71.86146582326153,256.16168144393055,1.742737691919556
2023,GİRESUN,461712,35227,22520,12707,57747,76.29647919049104,48.774993935613544,27.90548545816099,125.07147312610458,1.564253996447602
2023,HAKKARİ,287625,14956,12732,2224,27688,51.998261625380266,44.26597131681878,7.762300488983048,96.26423294219904,1.1746779767514923
2023,HATAY,1544640,37068,164247,-127179,201315,23.99782473586078,106.33351460534493,-79.08013128723232,130.3313393412057,0.2256844873878975
2023,ISPARTA,449777,25149,21847,3302,46996,55.914375346004796,48.572959488813346,7.368463333973034,104.48733483481814,1.1511420332311073
2023,IĞDIR,209738,12781,10830,1951,23611,60.937932086698645,51.63585044198,9.345548170768218,112.57378252867863,1.1801477377654663
2023,KAHRAMANMARAŞ,1116618,31582,82119,-50537,113701,28.28362071899253,73.54260812560786,-44.25746341689826,101.8262288446004,0.38458821953506495
2023,KARABÜK,255242,17977,14615,3362,32592,70.43119862718518,57.2593852108979,13.259136854642472,127.69058383808307,1.2300376325692781
2023,KARAMAN,263960,15156,11829,3327,26985,57.417790574329445,44.813608122442794,12.684118926482054,102.23139869677223,1.281257925437484
2023,KARS,278335,15376,16382,-1006,31758,55.24278297734744,58.857132592020406,-3.607829635845903,114.09991556936785,0.9385911366133561
2023,KASTAMONU,388990,30284,17608,12676,47892,77.85290110285611,45.265945139977894,33.1267052047291,123.11884624283401,1.7199000454338937
2023,KAYSERİ,1445683,47180,46791,389,93971,32.635093585523244,32.36601661636749,0.26911317523453143,65.00111020189074,1.008313564574384
2023,KIRIKKALE,285744,23664,13403,10261,37067,82.81538719973123,46.90562181533121,36.566309176144415,129.72100901506244,1.7655748712974708
2023,KIRKLARELİ,377156,22171,14336,7835,36507,58.78469386672889,38.01079659345205,20.99193947033867,96.79549046018093,1.5465262276785714
2023,KIRŞEHİR,247179,16475,12735,3740,29210,66.65210232260831,51.52136710642895,15.246077396263487,118.17346942903725,1.2936788378484492
2023,KOCAELİ,2102907,92564,81219,11345,173783,44.01716290829789,38.622250056707216,5.409504754952295,82.6394129650051,1.1396840640736774
2023,KONYA,2320241,75214,61210,14004,136424,32.41646018667888,26.380880262007267,6.053849169930128,58.79734044868615,1.2287861460545662
2023,KÜTAHYA,575674,24281,28405,-4124,52686,42.17838568356396,49.342162404416385,-7.138208455072905,91.52054808798034,0.8548142932582292
2023,KİLİS,155179,12750,7604,5146,20354,82.16317929616766,49.001475715141865,33.72082355870673,131.16465501130952,1.676749079431878
2023,MALATYA,742725,34414,102621,-68207,137035,46.33478070618331,138.16823184893465,-87.8018764759532,184.50301255511798,0.335350464329913
2023,MANİSA,1475716,46467,42259,4208,88726,31.487765938703653,28.636268767161162,2.855568494284791,60.124034705864815,1.0995764215906672
2023,MARDİN,888874,37903,33904,3999,71807,42.64158924661988,38.14263888920139,4.5090934512154766,80.78422813582128,1.1179506842850402
2023,MERSİN,1938389,80493,67409,13084,147902,41.525720585496515,34.775785458955866,6.772793083510237,76.30150604445238,1.1940987108546337
2023,MUĞLA,1066736,63562,40554,23008,104116,59.585501942373746,38.01690390124642,21.80373605046094,97.60240584362016,1.567342309020072
2023,MUŞ,399879,18904,22595,-3691,41499,47.27430047589396,56.50459263927338,-9.187888714778412,103.77889311516734,0.8366452755034299
2023,NEVŞEHİR,315994,19072,13307,5765,32379,60.35557637170326,42.1115590802357,18.411971454258307,102.46713545193896,1.433230630495228
2023,NİĞDE,377080,26089,15991,10098,42080,69.18690993953538,42.4074466956614,27.142899382040746,111.59435663519677,1.6314802076167845
2023,ORDU,775800,43974,29843,14131,73817,56.68213457076566,38.467388502191284,18.382159250040164,95.14952307295695,1.4735113762021244
2023,OSMANİYE,557666,27059,30896,-3837,57955,48.52187510086683,55.4023375999254,-6.856873269363251,103.92421270079222,0.8758091662351113
2023,RİZE,350506,24347,18372,5975,42719,69.46243430925576,52.415650516681595,17.193329275995378,121.87808482593736,1.325223165686915
2023,SAKARYA,1098115,47730,33515,14215,81245,43.46539296886027,30.520482827390573,13.029241320522544,73.98587579625085,1.4241384454721766
2023,SAMSUN,1377546,65364,50570,14794,115934,47.449595149635655,36.71020786238717,10.79736583393485,84.15980301202283,1.2925449871465295
2023,SİNOP,229716,20887,11499,9388,32386,90.92531647773772,50.05746225774435,41.72036511985495,140.98277873548207,1.8164188190277415
2023,SİVAS,650401,48214,31783,16431,79997,74.12965232218278,48.866776035092194,25.586065085555497,122.99642835727498,1.5169744832142968
2023,SİİRT,347412,21120,16468,4652,37588,60.79237332043798,47.40193200004605,13.480697565244606,108.19430532048403,1.2824872479961136
2023,TEKİRDAĞ,1167059,63230,45182,18048,108412,54.1789232592354,38.71440946858728,15.585021178116378,92.89333272782267,1.3994511088486565
2023,TOKAT,606934,45011,34546,10465,79557,74.16127618488996,56.91887421037543,17.392344875324394,131.08015039526538,1.302929427430093
2023,TRABZON,824352,41272,35644,5628,76916,50.06599122704864,43.23881060517837,6.850565646385195,93.30480183222701,1.1578947368421053
2023,TUNCELİ,89317,11806,7234,4572,19040,132.18088381831006,80.99242025594232,52.53300548080569,213.17330407425237,1.6320154824440143
2023,UŞAK,377001,14575,13122,1453,27697,38.660374906167355,34.80627372341188,3.8615425706498847,73.46664862957923,1.1107300716354214
2023,VAN,1127612,39585,56547,-16962,96132,35.10516028563016,50.14756848987063,-14.930115756368536,85.2527287755008,0.7000371372486605
2023,YALOVA,304780,22979,12563,10416,35542,75.39536715007546,41.21989631865608,34.76960463594728,116.61526346873154,1.8291013293003264
2023,YOZGAT,420699,29124,22387,6737,51511,69.22764256630037,53.21381795535525,16.143080843599975,122.44146052165563,1.3009335775226694
2023,ZONGULDAK,591492,26828,22615,4213,49443,45.356488337965686,38.23382226640428,7.148122917852577,83.59031060436996,1.186292283882379
2023,ÇANAKKALE,570499,32719,22615,10104,55334,57.35154662847788,39.64073556658294,17.869048734894694,96.99228219506081,1.446783108556268
2023,ÇANKIRI,205501,25333,13438,11895,38771,123.274339297619,65.39140928754604,59.60807502749889,188.66574858516503,1.8851763655305849
2023,ÇORUM,528351,27902,20273,7629,48175,52.80959059413155,38.370325787213424,14.544269083276378,91.17991638134498,1.3763133231391507
2023,İSTANBUL,15655924,412707,581330,-168623,994037,26.361075845794858,37.13163145145569,-10.712863857723095,63.49270729725055,0.7099358367880549
2023,İZMİR,4479525,147765,125643,22122,273408,32.986756408324545,28.04828636964857,4.950694466823499,61.03504277797311,1.1760702944055776
2023,ŞANLIURFA,2213964,63205,63559,-354,126764,28.548341346110416,28.708235544932077,-0.1598814167661409,57.25657689104249,0.9944303717805504
2023,ŞIRNAK,570745,22726,21572,1154,44298,39.818132440932466,37.796213720663346,2.023964866495489,77.6143461615958,1.0534952716484332
2024,ADANA,2280484,55342,56108,-766,111450,24.26765546261232,24.603549071162085,-0.33583720576429926,48.87120453377441,0.9863477578954872
2024,ADIYAMAN,611037,22295,21158,1137,43453,36.48715216918124,34.6263810538478,1.8625039621208956,71.11353322302905,1.0537385386142357
2024,AFYONKARAHİSAR,750193,20801,25035,-4234,45836,27.7275314485739,33.3714124232031,-5.627999096117292,61.098943871776996,0.8308767725184741
2024,AKSARAY,439474,13969,14893,-924,28862,31.78572566295162,33.88823912222338,-2.10030549898167,65.673964785175,0.9379574296649432
2024,AMASYA,342378,13879,14446,-567,28325,40.537067218103964,42.193131568032996,-1.6546942098835147,82.73019878613697,0.9607503807282293
2024,ANKARA,5864049,202402,150373,52029,352775,34.51574159765718,25.64320318605796,8.912074774481034,60.15894478371514,1.3459996142924595
2024,ANTALYA,2722103,96618,71999,24619,168617,35.49388101772784,26.449770636893607,9.085194130106224,61.94365165462145,1.341935304657009
2024,ARDAHAN,91354,4570,6441,-1871,11011,50.025176784815116,70.505943910502,-20.27316216904415,120.53112069531711,0.7095171557211614
2024,ARTVİN,169280,7670,10400,-2730,18070,45.30954631379962,61.43667296786389,-15.998124761932667,106.74621928166351,0.7375
2024,AYDIN,1165943,40849,35832,5017,76681,35.03516038091056,30.732205605248286,4.312232446261478,65.76736598615884,1.1400145121678946
2024,AĞRI,499801,14411,30970,-16559,45381,28.833475723337887,61.96466193545031,-32.591292127920674,90.79813765878819,0.4653212786567646
2024,BALIKESİR,1276096,44834,40371,4463,85205,35.13372034705853,31.636334570439843,3.503512343738286,66.77005491749837,1.110549651977905
2024,BARTIN,206715,9439,9569,-130,19008,45.661901652032995,46.29078683211184,-0.628687493954928,91.95268848414484,0.9864144633713031
2024,BATMAN,654528,20987,22923,-1936,43910,32.06432727094945,35.02218392490467,-2.9534886559185716,67.08651119585411,0.9155433407494656
2024,BAYBURT,83676,5644,8639,-2995,14283,67.45064295616426,103.24346288063482,-35.1635191696948,170.69410583679908,0.6533163560597292
2024,BOLU,326409,13869,13362,507,27231,42.489637234267434,40.93637123976361,1.5544732497229083,83.42600847403105,1.0379434216434666
2024,BURDUR,275826,11746,13550,-1804,25296,42.58481796494892,49.125173116384964,-6.519036743661646,91.70999108133388,0.8668634686346863
2024,BURSA,3238618,81656,66440,15216,148096,25.21322366515594,20.514923340758312,4.709363326018799,45.72814700591425,1.2290186634557496
2024,BİLECİK,228495,10023,10038,-15,20061,43.86529245716537,43.93093940786451,-0.0656447960087964,87.79623186502987,0.9985056784219964
2024,BİNGÖL,283276,10029,13794,-3765,23823,35.40363461782855,48.69455936966069,-13.203183492689153,84.09819398748924,0.7270552414093084
2024,BİTLİS,359808,13700,18195,-4495,31895,38.07586268231946,50.56863660618997,-12.41522363284082,88.64449928850942,0.7529541082715031
2024,DENİZLİ,1061371,25866,24816,1050,50682,24.370366252705228,23.381079754393138,0.9897760843703988,47.751446007098366,1.042311411992263
2024,DÜZCE,412344,15051,13450,1601,28501,36.50107677085152,32.618396290475914,3.890232745748627,69.11947306132744,1.1190334572490706
2024,DİYARBAKIR,1833684,43561,50981,-7420,94542,23.75600157933428,27.80250032175664,-4.038328197436152,51.55850190109092,0.8544555814911438
2024,EDİRNE,421247,17332,16323,1009,33655,41.144506667109795,38.749237383292936,2.398141381010951,79.89374405040273,1.0618146174110152
2024,ELAZIĞ,603941,20035,23315,-3280,43350,33.17377028550802,38.60476437267879,-5.416286178067013,71.77853465818681,0.8593180355993996
2024,ERZURUM,745005,22614,34522,-11908,57136,30.3541586969215,46.337944040644025,-15.857057442550126,76.69210273756552,0.6550605411042234
2024,ERZİNCAN,241239,12737,15638,-2901,28375,52.798262304187965,64.82368107975908,-11.953545579845853,117.62194338394704,0.8144903440337639
2024,ESKİŞEHİR,921630,35984,29165,6819,65149,39.04386792964639,31.64502023588642,7.4263208020295775,70.6888881655328,1.2338076461512086
2024,GAZİANTEP,2193363,56097,49330,6767,105427,25.57579388363896,22.490577255110075,3.0899832624004016,48.066371138749034,1.1371781877153861
2024,GÜMÜŞHANE,142617,12288,18526,-6238,30814,86.16083636593113,129.90036250937825,-42.80342537190536,216.0611988753094,0.6632840332505667
2024,GİRESUN,455922,17348,22932,-5584,40280,38.05036826474704,50.29807730269651,-12.173162362605021,88.34844556744355,0.7564974707831851
2024,HAKKARİ,282191,8478,14112,-5634,22590,30.04348118827319,50.008682062858135,-19.767866165160275,80.05216325113133,0.6007653061224489
2024,HATAY,1562185,52193,49835,2358,102028,33.410255507510314,31.900831207571446,1.5105643412004823,65.31108671508176,1.0473161432728002
2024,ISPARTA,446409,18046,19526,-1480,37572,40.42481222376789,43.740157568507804,-3.3098586824526053,84.1649697922757,0.9242036259346512
2024,IĞDIR,206857,8000,11778,-3778,19778,38.67405985777614,56.93788462561093,-18.098550391384745,95.61194448338708,0.6792324673119375
2024,KAHRAMANMARAŞ,1134105,37523,30393,7130,67916,33.08600173705256,26.799105902892588,6.306720682151892,59.885107639945154,1.2345934919224821
2024,KARABÜK,250478,10481,14090,-3609,24571,41.843994282931035,56.25244532453948,-14.305391773111491,98.09643960747051,0.743860894251242
2024,KARAMAN,262791,10319,11846,-1527,22165,39.26694597607985,45.077647255804045,-5.793868061444597,84.34459323188389,0.8710957285159547
2024,KARS,272300,9588,16560,-6972,26148,35.21116415717958,60.81527726771943,-25.280471089903042,96.026441424899,0.5789855072463768
2024,KASTAMONU,381991,15894,20854,-4960,36748,41.608310143432696,54.59290925702438,-12.90084297645336,96.20121940045708,0.7621559413062242
2024,KAYSERİ,1452458,37960,36622,1338,74582,26.135007001923636,25.213809969031807,0.9216215304014564,51.34881697095544,1.036535415870242
2024,KIRIKKALE,283053,13584,16881,-3297,30465,47.99101228391856,59.63900753569119,-11.580550155162513,107.63001981960976,0.8046916651857118
2024,KIRKLARELİ,379031,15265,14128,1137,29393,40.27375069585337,37.273996058369896,3.00426065990686,77.54774675422327,1.0804784824462061
2024,KIRŞEHİR,244546,11390,12511,-1121,23901,46.57610429121719,51.16010893655999,-4.573522122016348,97.73621322777718,0.9103988490128687
2024,KOCAELİ,2130006,80804,63593,17211,144397,37.936043372647774,29.85578444379969,8.113036647252605,67.79182781644747,1.2706429952982246
2024,KONYA,2330024,53971,56234,-2263,110205,23.163280721571965,24.13451535263156,-0.9707632116347451,47.297796074203525,0.9597574421168688
2024,KÜTAHYA,571078,18364,20502,-2138,38866,32.1567281527217,35.900524972070365,-3.736801905803928,68.05725312479206,0.8957174909764901
2024,KİLİS,156739,7503,8041,-538,15544,47.86938796342965,51.30184574356095,-3.426576989707531,99.1712337069906,0.9330928988931725
2024,MALATYA,750491,36932,31790,5142,68722,49.210450225252536,42.35893568343924,6.87506685206974,91.56938590869177,1.1617489776659327
2024,MANİSA,1475353,37649,37328,321,74977,25.518638590222135,25.301063542081117,0.21759872016702905,50.81970213230325,1.0085994427775395
2024,MARDİN,895911,26712,31788,-5076,58500,29.815461580447163,35.48120293198767,-5.649736379026522,65.29666451243483,0.840317100792752
2024,MERSİN,1954279,60574,54703,5871,115277,30.9955743269001,27.991397338865127,3.0086963161534603,58.986971665765225,1.1073250095972798
2024,MUĞLA,1081867,48895,36378,12517,85273,45.19501935080745,33.62520531636513,11.637133771255991,78.82022466717258,1.3440815877728298
2024,MUŞ,392301,12009,22879,-10870,34888,30.611698670153785,58.32001447867836,-27.329686022889554,88.93171314883215,0.5248918221950261
2024,NEVŞEHİR,317952,14417,13133,1284,27550,45.34332226247987,41.304976851851855,4.046516025337998,86.64829911433172,1.0977689789080942
2024,NİĞDE,372708,13271,18496,-5225,31767,35.60696309175011,49.62598066046342,-13.921435146761235,85.23294375221353,0.7175064878892734
2024,ORDU,770711,24324,29933,-5609,54257,31.560468191059943,38.83816372155062,-7.251309120502434,70.39863191261057,0.8126148398089066
2024,OSMANİYE,561061,19752,20460,-708,40212,35.2047281846359,36.466623058811784,-1.2610991868760186,71.67135124344769,0.9653958944281525
2024,RİZE,346977,13448,17592,-4144,31040,38.757612176023194,50.70076690962225,-11.872258622714863,89.45837908564545,0.7644383810823101
2024,SAKARYA,1110735,37116,30501,6615,67617,33.415711218247374,27.46019527610096,5.973302992746704,60.875906494348335,1.2168781351431102
2024,SAMSUN,1382376,46841,43246,3595,90087,33.884413502549236,31.283818584813393,2.6039808674407143,65.16823208736263,1.0831290755214356
2024,SİNOP,226957,10903,13075,-2172,23978,48.03993708059236,57.61003185625471,-9.52451949851563,105.64996893684707,0.8338814531548757
2024,SİVAS,637007,21808,35421,-13613,57229,34.23510259698873,55.6053544152576,-21.144322074638076,89.84045701224633,0.615679963863245
2024,SİİRT,336453,10193,21815,-11622,32008,30.295464745447358,64.83817947826294,-33.956244302643576,95.13364422371029,0.46724730689892274
2024,TEKİRDAĞ,1187162,53439,37996,15443,91435,45.01407558530344,32.00574142366417,13.093496450223645,77.0198170089676,1.4064375197389198
2024,TOKAT,612674,38697,32350,6347,71047,63.16083267773726,52.8013266435331,10.413445107920339,115.96215932127036,1.1961978361669243
2024,TRABZON,822270,26772,29887,-3115,56659,32.55864861906673,36.3469420020188,-3.7811313654861,68.90559062108554,0.8957740823769532
2024,TUNCELİ,86612,6739,8868,-2129,15607,77.80677042442156,102.38765990855771,-24.28244740608943,180.19443033297927,0.7599233198015336
2024,UŞAK,375310,11053,11886,-833,22939,29.450321067917187,31.669819615784284,-2.2170381913439696,61.12014068370147,0.9299175500588928
2024,VAN,1118087,31418,54023,-22605,85441,28.09978114404335,48.31734918660176,-20.015238321234612,76.41713033064511,0.5815671103048702
2024,YALOVA,307882,17812,13049,4763,30861,57.8533334199466,42.383120806023086,15.59080918034504,100.2364542259697,1.365008812935857
2024,YOZGAT,413161,16151,24594,-8443,40745,39.09129854947587,59.52643158478172,-20.228447527148358,98.61773013425758,0.6567048873709035
2024,ZONGULDAK,586802,18070,21563,-3493,39633,30.79403274017471,36.74663685536177,-5.934939941228293,67.54066959553649,0.8380095534016603
2024,ÇANAKKALE,568966,24714,21211,3503,45925,43.43669041735359,37.2799077625025,6.17579416605182,80.71659817985609,1.1651501579369195
2024,ÇANKIRI,199981,13129,18744,-5615,31873,65.65123686750242,93.72890424590337,-27.68894685842639,159.38014111340578,0.7004374733247972
2024,ÇORUM,521335,16415,23143,-6728,39558,31.486472229948113,44.39180181649036,-12.82258971334041,75.87827404643848,0.7092857451497213
2024,İSTANBUL,15701602,395485,369453,26032,764938,25.187557295109123,23.52963729433468,1.6592954903647785,48.71719458944381,1.070460924664301
2024,İZMİR,4493242,117889,102040,15849,219929,26.23695763548903,22.70966041891356,3.5335291202908157,48.94661805440259,1.1553214425715406
2024,ŞANLIURFA,2237745,41771,60925,-19154,102696,18.6665594158405,27.226069100813543,-8.523033192395216,45.89262851665404,0.685613459171112
2024,ŞIRNAK,570826,15266,23363,-8097,38629,26.743701232950144,40.92840900729819,-14.084813294032001,67.67211024024834,0.6534263579163635
2025,ADANA,2283609,49680,55959,-6279,105639,21.75503774945711,24.504632798346826,-2.7458201022106277,46.259670547803935,0.8877928483353884
2025,ADIYAMAN,617821,19965,19344,621,39309,32.31518514262221,31.310039639313004,1.0056509160572977,63.62522478193522,1.0321029776674937
2025,AFYONKARAHİSAR,751808,19864,21498,-1634,41362,26.42163956754916,28.595066825572488,-2.1710679289154626,55.016706393121645,0.9239929295748441
2025,AKSARAY,441136,12270,12941,-671,25211,27.81455152152624,29.335624387943852,-1.5199169142288913,57.15017590947009,0.9481492929449038
2025,AMASYA,342242,12458,13119,-661,25577,36.401143050823684,38.33252493849381,-1.9295185690620233,74.7336679893175,0.9496150621236374
2025,ANKARA,5910320,176833,145661,31172,322494,29.919361388215865,24.645196875972875,5.288109692481459,54.56455826418874,1.2140037484295727
2025,ANTALYA,2777677,96027,67649,28378,163676,34.57097423494525,24.354523582115558,10.268906541298533,58.9254978170608,1.4194888320596017
2025,ARDAHAN,90392,4914,5916,-1002,10830,54.36321798389238,65.44826975838569,-11.023951239369369,119.81148774227808,0.8306288032454361
2025,ARTVİN,167531,7329,8928,-1599,16257,43.74712739731751,53.29162960884851,-9.499169788006332,97.03875700616602,0.8209005376344086
2025,AYDIN,1172107,37711,32935,4776,70646,32.173683801905455,28.09897048648289,4.083031907663294,60.272654288388345,1.1450129042052528
2025,AĞRI,491489,14899,28346,-13447,43245,30.314004992990686,57.6737220975444,-26.990491005344104,87.98772709053509,0.5256120793057222
2025,BALIKESİR,1284517,44397,35209,9188,79606,34.56318600688041,27.410302860919707,7.178556835059609,61.973488867800114,1.2609560055667586
2025,BARTIN,206663,8227,8114,113,16341,39.80877080077227,39.261986906219306,0.5469334217461697,79.07075770699157,1.0139265467093912
2025,BATMAN,662626,21076,21176,-100,42252,31.806780899029015,31.957695592989108,-0.15090330719688053,63.76447649201812,0.9952776728371742
2025,BAYBURT,82836,5064,6388,-1324,11452,61.132840793857746,77.11622965860253,-15.856667225562289,138.24907045246027,0.7927363807138385
2025,BOLU,327173,13136,11695,1441,24831,40.15001237877209,35.745614705369945,4.414118439895544,75.89562708414203,1.1232150491663104
2025,BURDUR,277226,11184,12106,-922,23290,40.34253641433343,43.66834279613023,-3.320285069160602,84.01087921046367,0.92383941847018
2025,BURSA,3263011,75595,64880,10715,140475,23.167252577450704,19.883475722270013,3.2891773173543473,43.05072829972072,1.1651510480887792
2025,BİLECİK,228995,9632,9514,118,19146,42.06205375663224,41.5467586628529,0.5154278925114443,83.60881241948515,1.012402774858104
2025,BİNGÖL,282299,9123,11683,-2560,20806,32.31679885511461,41.38519796386101,-9.027466772927474,73.70199681897563,0.7808781990926988
2025,BİTLİS,360423,13861,17844,-3983,31705,38.457590109399234,49.50849418599812,-10.990178373105932,87.96608429539735,0.7767877157587985
2025,DENİZLİ,1060975,23327,23946,-619,47273,21.98638045194279,22.569806074601193,-0.5832554795627374,44.55618652654398,0.9741501712185752
2025,DÜZCE,415622,14112,12156,1956,26268,33.9539292915197,29.247729908426408,4.717299659466916,63.20165919994611,1.160908193484699
2025,DİYARBAKIR,1852356,43666,50322,-6656,93988,23.573222425926765,27.166484196342388,-3.5868175831660993,50.73970662226915,0.8677318071618775
2025,EDİRNE,422438,16145,15261,884,31406,38.21862616525976,36.1260113910207,2.0948065858444154,74.34463755628045,1.0579254308367734
2025,ELAZIĞ,605678,18481,19491,-1010,37972,30.512912801851808,32.180465527887755,-1.6661635182774839,62.693378329739566,0.9481812118413627
2025,ERZURUM,736877,20793,30906,-10113,51699,28.217735117258375,41.94187089568544,-13.630601664434886,70.15960601294381,0.6727819840807611
2025,ERZİNCAN,239625,11798,13352,-1554,25150,49.23526343244653,55.720396452790816,-6.464172511044001,104.95565988523735,0.8836129418813661
2025,ESKİŞEHİR,927956,34386,28330,6056,62716,37.05563625861571,30.529464759104957,6.547536673124827,67.58510101772067,1.213766325450053
2025,GAZİANTEP,2222415,54507,47385,7122,101892,24.526022367559616,21.32140036851803,3.2097650408724503,45.84742273607765,1.1503007280785058
2025,GÜMÜŞHANE,138807,9919,13163,-3244,23082,71.45893218641712,94.82951147996859,-23.100641605366413,166.2884436663857,0.7535516219706754
2025,GİRESUN,455074,16717,17047,-330,33764,36.73468490838852,37.459841696075806,-0.7248939568007134,74.19452660446433,0.9806417551475333
2025,HAKKARİ,279681,8952,12305,-3353,21257,32.00789470861446,43.99655321598536,-11.917222750415396,76.00444792459982,0.7275091426249493
2025,HATAY,1577531,51440,45076,6364,96516,32.60791705519575,28.573764952954967,4.042305740340928,61.18168200815071,1.1411837785074097
2025,ISPARTA,445303,16315,17554,-1239,33869,36.63797459258078,39.42034973939093,-2.7785097186170242,76.05832433197172,0.9294177965136151
2025,IĞDIR,205071,7876,10257,-2381,18133,38.4062105319621,50.016823441637285,-11.543598781158869,88.42303397359939,0.7678658477137564
2025,KAHRAMANMARAŞ,1146278,32151,28689,3462,60840,28.048169815699158,25.027960058554733,3.024777488386235,53.07612987425389,1.1206734288403222
2025,KARABÜK,249614,10263,11251,-988,21514,41.11548230467842,45.0735936285625,-3.950293473219569,86.18907593324093,0.9121855835036886
2025,KARAMAN,262355,9440,10933,-1493,20373,35.981780412037125,41.672542928474776,-5.674616070223849,77.65432334051191,0.8634409585658099
2025,KARS,268991,9727,14201,-4474,23928,36.16106115074482,52.79358788955764,-16.495347088058754,88.95464904030247,0.6849517639602845
2025,KASTAMONU,379934,14997,15731,-734,30728,39.472645248911654,41.40455973932315,-1.9300501444908111,80.8772049882348,0.9533405377916216
2025,KAYSERİ,1458991,34606,33645,961,68251,23.719131920621855,23.0604575353789,0.6588913826811669,46.77958945600076,1.02856293654332
2025,KIRIKKALE,282830,12287,12845,-558,25132,43.44305766714988,45.415974260156275,-1.9709723110180177,88.85903192730616,0.9565589723627871
2025,KIRKLARELİ,379595,14516,13501,1015,28017,38.240756595845575,35.56685414718318,2.677482111649685,73.80761074302876,1.0751796163247167
2025,KIRŞEHİR,242777,9729,10902,-1173,20631,40.07381259344996,44.90540701961059,-4.8199504034088925,84.97921961306055,0.8924050632911392
2025,KOCAELİ,2161171,76323,61245,15078,137568,35.315576601758956,28.338803361696044,7.001196118928396,63.654379963455,1.246191525838844
2025,KONYA,2343409,50469,51507,-1038,101976,21.536573427856595,21.97951787332045,-0.44284636729455856,43.51609130117705,0.9798473993826082
2025,KÜTAHYA,570478,16701,17157,-456,33858,29.275449710593573,30.074779395524455,-0.7990103485857867,59.35022910611803,0.973421926910299
2025,KİLİS,157363,7501,8859,-1358,16360,47.66685942693009,56.29658814333738,-8.592652586021437,103.96344757026748,0.8467095608985212
2025,MALATYA,755854,31495,28410,3085,59905,41.668099924059405,37.586623871805934,4.089822308157837,79.25472379586535,1.1085885251671947
2025,MANİSA,1477756,33408,35673,-2265,69081,22.607250452713437,24.13997980722122,-1.5315556243760093,46.74723025993466,0.936506601631486
2025,MARDİN,903576,28043,31842,-3799,59885,31.0355742073716,35.23997981354086,-4.195585634288283,66.27555402091247,0.8806921675774135
2025,MERSİN,1956428,57089,52054,5035,109143,29.180220278998256,26.606652532063535,2.576883639245503,55.78687281106179,1.0967264763514812
2025,MUĞLA,1099547,47400,35426,11974,82826,43.10866202172349,32.21872280129908,10.94955923771901,75.32738482302257,1.338000338734263
2025,MUŞ,389127,12061,18995,-6934,31056,30.995022190698666,48.814397356133085,-17.662012155050764,79.80941954683175,0.6349565675177679
2025,NEVŞEHİR,320150,13090,12037,1053,25127,40.88708417929096,37.59800093706075,3.294501186552303,78.48508511635171,1.087480269170059
2025,NİĞDE,374492,13405,13748,-343,27153,35.79515717291691,36.711064588829665,-0.9154881647131359,72.50622176174657,0.975050916496945
2025,ORDU,768087,22394,24529,-2135,46923,29.15555138936084,31.935184425722607,-2.775775218112876,61.09073581508345,0.912960169595173
2025,OSMANİYE,564123,19293,19532,-239,38825,34.19998830042385,34.62365477032491,-0.4235767422695029,68.82364307074876,0.9877636698750768
2025,RİZE,346947,12436,13362,-926,25798,35.84409146065537,38.51308701329022,-2.6654385308425206,74.3571784739456,0.9306989971561144
2025,SAKARYA,1123693,35743,27837,7906,63580,31.80850997558942,24.77278046583898,7.0605676317716615,56.5812904414284,1.2840104896360958
2025,SAMSUN,1392403,43566,37793,5773,81359,31.28835545456308,27.14228567447786,4.15468258203483,58.43064112904094,1.1527531553462282
2025,SİNOP,225848,10719,11050,-331,21769,47.46112429598668,48.92671177074847,-1.4645142878633357,96.38783606673515,0.9700452488687783
2025,SİVAS,631401,19978,26832,-6854,46810,31.640748114114484,42.4959732404605,-10.79662522762071,74.13672135457499,0.7445587358378056
2025,SİİRT,332369,10203,16704,-6501,26907,30.697808760744834,50.257394642701335,-19.370149827408717,80.95520340344616,0.6108117816091954
2025,TEKİRDAĞ,1208441,51534,38294,13240,89828,42.64502776718102,31.688762628874724,11.0166156191313,74.33379039605575,1.345746069880399
2025,TOKAT,614141,32800,32220,580,65020,53.40793075205857,52.46352222046729,0.9448546960092922,105.87145297252586,1.0180012414649287
2025,TRABZON,823323,23846,24253,-407,48099,28.963116541138774,29.45745472918891,-0.49421603312097423,58.420571270327684,0.9832185708984456
2025,TUNCELİ,85083,6078,7558,-1480,13636,71.4361270759141,88.8309062915036,-17.244794518951796,160.2670333674177,0.8041810002646202
2025,UŞAK,374405,9557,10465,-908,20022,25.525834323793752,27.951015611436812,-2.422244097113848,53.47684993523057,0.913234591495461
2025,VAN,1112013,31580,51818,-20238,83398,28.398948573442937,46.59837609812116,-18.03531135374448,74.99732467156409,0.6094407348797715
2025,YALOVA,311635,18052,11733,6319,29785,57.92674121969612,37.64981468705376,20.48460898839616,95.57655590674989,1.5385664365464928
2025,YOZGAT,413208,17181,18550,-1369,35731,41.579543474472906,44.89264486650791,-3.307622148263136,86.47218834098081,0.926199460916442
2025,ZONGULDAK,585203,17143,18135,-992,35278,29.294108198351683,30.98924646661073,-1.6937027380958478,60.28335466496242,0.9452991452991453
2025,ÇANAKKALE,573976,23546,19075,4471,42621,41.022621154891496,33.23309685422387,7.81998126772548,74.25571800911537,1.2343905635648755
2025,ÇANKIRI,200549,13516,12774,742,26290,67.39500072301533,63.69515679459882,3.7067010360778907,131.09015751761416,1.05808673868796
2025,ÇORUM,519590,15597,17208,-1611,32805,30.017898727843107,33.11842029292327,-3.095722388068306,63.13631902076637,0.9063807531380753
2025,İSTANBUL,15754053,329912,371258,-41346,701170,20.941404729309976,23.56587222348433,-2.6210280926591056,44.50727695279431,0.8886327028643154
2025,İZMİR,4504185,106083,98728,7355,204811,23.552096550208308,21.91917072677965,1.634260136217971,45.47126727698796,1.0744976095940362
2025,ŞANLIURFA,2265800,43655,59280,-15625,102935,19.266925589195868,26.16294465530938,-6.872323230101875,45.42987024450525,0.7364203778677463
2025,ŞIRNAK,573666,14227,19924,-5697,34151,24.800145032126707,34.73101072749649,-9.881798289548659,59.531155759623196,0.7140634410760891
